CHROM,POS,REF,ALT,genome,uniprot_id,transcript_id,protein_variant,am_pathogenicity,am_class
chr1,942451,T,C,hg38,Q96NU1,ENST00000342066.8,W343R,0.0292,likely_benign
chr1,942451,T,C,hg38,Q96NU1,ENST00000342066.8,W343R,0.0292,likely_benign
chr1,942451,T,C,hg38,Q96NU1,ENST00000342066.8,W343R,0.0292,likely_benign
chr1,1014228,G,A,hg38,P05161,ENST00000649529.1,S83N,0.0873,likely_benign
chr1,1014228,G,A,hg38,P05161,ENST00000649529.1,S83N,0.0873,likely_benign
chr1,1014228,G,A,hg38,P05161,ENST00000649529.1,S83N,0.0873,likely_benign
chr1,1014228,G,A,hg38,P05161,ENST00000649529.1,S83N,0.0873,likely_benign
chr1,1309796,C,T,hg38,Q8N0Z8,ENST00000379031.10,R197W,0.1684,likely_benign
chr1,1309796,C,T,hg38,Q8N0Z8,ENST00000379031.10,R197W,0.1684,likely_benign
chr1,1309796,C,T,hg38,Q8N0Z8,ENST00000379031.10,R197W,0.1684,likely_benign
chr1,1399095,G,C,hg38,Q96S94,ENST00000400809.8,T71S,0.073,likely_benign
chr1,1754601,G,T,hg38,O95544,ENST00000341991.7,N262K,0.0971,likely_benign
chr1,1754601,G,T,hg38,O95544,ENST00000341991.7,N262K,0.0971,likely_benign
chr1,1754601,G,T,hg38,O95544,ENST00000341991.7,N262K,0.0971,likely_benign
chr1,1754601,G,T,hg38,O95544,ENST00000341991.7,N262K,0.0971,likely_benign
chr1,3891029,G,C,hg38,Q8IYL3,ENST00000361605.4,T53R,0.0311,likely_benign
chr1,3891029,G,C,hg38,Q8IYL3,ENST00000361605.4,T53R,0.0311,likely_benign
chr1,3891029,G,C,hg38,Q8IYL3,ENST00000361605.4,T53R,0.0311,likely_benign
chr1,3891029,G,C,hg38,Q8IYL3,ENST00000361605.4,T53R,0.0311,likely_benign
chr1,6554475,G,A,hg38,Q5SY16,ENST00000377705.6,R10W,0.2467,likely_benign
chr1,6554475,G,A,hg38,Q5SY16,ENST00000377705.6,R10W,0.2467,likely_benign
chr1,6554475,G,A,hg38,Q5SY16,ENST00000377705.6,R10W,0.2467,likely_benign
chr1,6554475,G,A,hg38,Q5SY16,ENST00000377705.6,R10W,0.2467,likely_benign
chr1,11949899,G,A,hg38,Q02809,ENST00000196061.5,A99T,0.0508,likely_benign
chr1,11949899,G,A,hg38,Q02809,ENST00000196061.5,A99T,0.0508,likely_benign
chr1,11949899,G,A,hg38,Q02809,ENST00000196061.5,A99T,0.0508,likely_benign
chr1,12022277,A,T,hg38,Q5JXC2,ENST00000235332.6,K99N,0.2327,likely_benign
chr1,12022277,A,T,hg38,Q5JXC2,ENST00000235332.6,K99N,0.2327,likely_benign
chr1,12022869,A,G,hg38,Q5JXC2,ENST00000235332.6,K167E,0.0482,likely_benign
chr1,15506048,T,C,hg38,P55211,ENST00000333868.10,Q221R,0.0575,likely_benign
chr1,15506048,T,C,hg38,P55211,ENST00000333868.10,Q221R,0.0575,likely_benign
chr1,15524118,G,A,hg38,P55211,ENST00000333868.10,A28V,0.1134,likely_benign
chr1,15524118,G,A,hg38,P55211,ENST00000333868.10,A28V,0.1134,likely_benign
chr1,15583355,C,G,hg38,Q9BSE5,ENST00000375826.4,G105R,0.0546,likely_benign
chr1,15583355,C,G,hg38,Q9BSE5,ENST00000375826.4,G105R,0.0546,likely_benign
chr1,15583355,C,G,hg38,Q9BSE5,ENST00000375826.4,G105R,0.0546,likely_benign
chr1,15583355,C,G,hg38,Q9BSE5,ENST00000375826.4,G105R,0.0546,likely_benign
chr1,19312063,G,T,hg38,O43488,ENST00000235835.7,P21Q,0.0765,likely_benign
chr1,19312063,G,T,hg38,O43488,ENST00000235835.7,P21Q,0.0765,likely_benign
chr1,19312063,G,T,hg38,O43488,ENST00000235835.7,P21Q,0.0765,likely_benign
chr1,19771448,G,T,hg38,Q5TGY1,ENST00000294543.10,Q72K,0.0488,likely_benign
chr1,20589208,A,C,hg38,P32320,ENST00000375071.4,K27Q,0.0907,likely_benign
chr1,20589208,A,C,hg38,P32320,ENST00000375071.4,K27Q,0.0907,likely_benign
chr1,20589208,A,C,hg38,P32320,ENST00000375071.4,K27Q,0.0907,likely_benign
chr1,20589208,A,C,hg38,P32320,ENST00000375071.4,K27Q,0.0907,likely_benign
chr1,20633892,A,T,hg38,Q9BXM7,ENST00000321556.5,Q115L,0.15,likely_benign
chr1,20633892,A,T,hg38,Q9BXM7,ENST00000321556.5,Q115L,0.15,likely_benign
chr1,20633892,A,T,hg38,Q9BXM7,ENST00000321556.5,Q115L,0.15,likely_benign
chr1,20661380,G,C,hg38,P39656,ENST00000375048.7,R8G,0.0639,likely_benign
chr1,20661380,G,C,hg38,P39656,ENST00000375048.7,R8G,0.0639,likely_benign
chr1,23559007,T,C,hg38,Q02535,ENST00000374561.6,T105A,0.0564,likely_benign
chr1,23559007,T,C,hg38,Q02535,ENST00000374561.6,T105A,0.0564,likely_benign
chr1,23559007,T,C,hg38,Q02535,ENST00000374561.6,T105A,0.0564,likely_benign
chr1,23559007,T,C,hg38,Q02535,ENST00000374561.6,T105A,0.0564,likely_benign
chr1,26255600,G,A,hg38,Q6P2H3,ENST00000252992.8,S213N,0.0592,likely_benign
chr1,26255600,G,A,hg38,Q6P2H3,ENST00000252992.8,S213N,0.0592,likely_benign
chr1,26557020,A,C,hg38,Q15418,ENST00000374168.7,K335T,0.1435,likely_benign
chr1,26557020,A,C,hg38,Q15418,ENST00000374168.7,K335T,0.1435,likely_benign
chr1,26557020,A,C,hg38,Q15418,ENST00000374168.7,K335T,0.1435,likely_benign
chr1,26557020,A,C,hg38,Q15418,ENST00000374168.7,K335T,0.1435,likely_benign
chr1,26886022,T,C,hg38,Q9H9Y4,ENST00000374135.9,Q227R,0.0945,likely_benign
chr1,26886022,T,C,hg38,Q9H9Y4,ENST00000374135.9,Q227R,0.0945,likely_benign
chr1,26886022,T,C,hg38,Q9H9Y4,ENST00000374135.9,Q227R,0.0945,likely_benign
chr1,29216125,A,G,hg38,Q9BV79,ENST00000263702.11,F96L,0.4845,ambiguous
chr1,29216125,A,G,hg38,Q9BV79,ENST00000263702.11,F96L,0.4845,ambiguous
chr1,29216125,A,G,hg38,Q9BV79,ENST00000263702.11,F96L,0.4845,ambiguous
chr1,32695277,C,T,hg38,Q9H7C4,ENST00000409190.8,R274Q,0.078,likely_benign
chr1,32695277,C,T,hg38,Q9H7C4,ENST00000409190.8,R274Q,0.078,likely_benign
chr1,32695277,C,T,hg38,Q9H7C4,ENST00000409190.8,R274Q,0.078,likely_benign
chr1,32695277,C,T,hg38,Q9H7C4,ENST00000409190.8,R274Q,0.078,likely_benign
chr1,32695611,T,C,hg38,Q9H7C4,ENST00000409190.8,M163V,0.0556,likely_benign
chr1,32695611,T,C,hg38,Q9H7C4,ENST00000409190.8,M163V,0.0556,likely_benign
chr1,32695611,T,C,hg38,Q9H7C4,ENST00000409190.8,M163V,0.0556,likely_benign
chr1,35097364,G,A,hg38,Q5SVZ6,ENST00000373330.1,V73M,0.0597,likely_benign
chr1,35736984,G,A,hg38,Q9HAW4,ENST00000318121.8,S1280L,0.0828,likely_benign
chr1,35736984,G,A,hg38,Q9HAW4,ENST00000318121.8,S1280L,0.0828,likely_benign
chr1,35736984,G,A,hg38,Q9HAW4,ENST00000318121.8,S1280L,0.0828,likely_benign
chr1,35736984,G,A,hg38,Q9HAW4,ENST00000318121.8,S1280L,0.0828,likely_benign
chr1,36287086,A,G,hg38,Q9Y2W1,ENST00000354618.10,T286A,0.0526,likely_benign
chr1,36287086,A,G,hg38,Q9Y2W1,ENST00000354618.10,T286A,0.0526,likely_benign
chr1,36287086,A,G,hg38,Q9Y2W1,ENST00000354618.10,T286A,0.0526,likely_benign
chr1,36287086,A,G,hg38,Q9Y2W1,ENST00000354618.10,T286A,0.0526,likely_benign
chr1,37480355,G,A,hg38,Q5D1E8,ENST00000373087.7,R170Q,0.188,likely_benign
chr1,37480355,G,A,hg38,Q5D1E8,ENST00000373087.7,R170Q,0.188,likely_benign
chr1,37969641,C,G,hg38,Q12874,ENST00000373019.5,S367T,0.0745,likely_benign
chr1,37969641,C,G,hg38,Q12874,ENST00000373019.5,S367T,0.0745,likely_benign
chr1,37969641,C,G,hg38,Q12874,ENST00000373019.5,S367T,0.0745,likely_benign
chr1,37969641,C,G,hg38,Q12874,ENST00000373019.5,S367T,0.0745,likely_benign
chr1,37969660,C,T,hg38,Q12874,ENST00000373019.5,E361K,0.4564,ambiguous
chr1,37969660,C,T,hg38,Q12874,ENST00000373019.5,E361K,0.4564,ambiguous
chr1,37969660,C,T,hg38,Q12874,ENST00000373019.5,E361K,0.4564,ambiguous
chr1,37969660,C,T,hg38,Q12874,ENST00000373019.5,E361K,0.4564,ambiguous
chr1,40067594,T,G,hg38,Q01518,ENST00000372805.7,C229G,0.0453,likely_benign
chr1,40067594,T,G,hg38,Q01518,ENST00000372805.7,C229G,0.0453,likely_benign
chr1,40067594,T,G,hg38,Q01518,ENST00000372805.7,C229G,0.0453,likely_benign
chr1,40067594,T,G,hg38,Q01518,ENST00000372805.7,C229G,0.0453,likely_benign
chr1,40067675,T,G,hg38,Q01518,ENST00000372805.7,S256A,0.0497,likely_benign
chr1,40067675,T,G,hg38,Q01518,ENST00000372805.7,S256A,0.0497,likely_benign
chr1,40067675,T,G,hg38,Q01518,ENST00000372805.7,S256A,0.0497,likely_benign
chr1,40067675,T,G,hg38,Q01518,ENST00000372805.7,S256A,0.0497,likely_benign
chr1,40074145,C,G,hg38,P50897,ENST00000529905.5,Q279H,0.1722,likely_benign
chr1,40074145,C,G,hg38,P50897,ENST00000529905.5,Q279H,0.1722,likely_benign
chr1,40074145,C,G,hg38,P50897,ENST00000529905.5,Q279H,0.1722,likely_benign
chr1,40074145,C,G,hg38,P50897,ENST00000529905.5,Q279H,0.1722,likely_benign
chr1,42227926,A,G,hg38,Q9UPW0,ENST00000361346.6,V162A,0.0474,likely_benign
chr1,43166865,C,T,hg38,Q99848,ENST00000236051.2,R223H,0.0903,likely_benign
chr1,43166865,C,T,hg38,Q99848,ENST00000236051.2,R223H,0.0903,likely_benign
chr1,43166865,C,T,hg38,Q99848,ENST00000236051.2,R223H,0.0903,likely_benign
chr1,43166865,C,T,hg38,Q99848,ENST00000236051.2,R223H,0.0903,likely_benign
chr1,44753254,G,C,hg38,Q99661,ENST00000372224.9,V188L,0.1857,likely_benign
chr1,46027788,T,G,hg38,Q6P0Q8,ENST00000361297.7,I659M,0.1238,likely_benign
chr1,46055887,A,T,hg38,Q92569,ENST00000420542.5,N283K,0.0623,likely_benign
chr1,46055887,A,T,hg38,Q92569,ENST00000420542.5,N283K,0.0623,likely_benign
chr1,46055887,A,T,hg38,Q92569,ENST00000420542.5,N283K,0.0623,likely_benign
chr1,46055887,A,T,hg38,Q92569,ENST00000420542.5,N283K,0.0623,likely_benign
chr1,46189486,T,C,hg38,Q8WZA1,ENST00000371984.8,M623V,0.0438,likely_benign
chr1,46340878,C,T,hg38,Q96CB9,ENST00000474844.5,L18F,0.0486,likely_benign
chr1,46340878,C,T,hg38,Q96CB9,ENST00000474844.5,L18F,0.0486,likely_benign
chr1,51361249,T,C,hg38,P42566,ENST00000371733.8,I822M,0.0548,likely_benign
chr1,51361249,T,C,hg38,P42566,ENST00000371733.8,I822M,0.0548,likely_benign
chr1,51361249,T,C,hg38,P42566,ENST00000371733.8,I822M,0.0548,likely_benign
chr1,52239332,A,G,hg38,O95405,ENST00000371591.1,I639V,0.0605,likely_benign
chr1,52239332,A,G,hg38,O95405,ENST00000371591.1,I639V,0.0605,likely_benign
chr1,52692831,C,T,hg38,Q96BR5,ENST00000371538.5,R48Q,0.0805,likely_benign
chr1,52692831,C,T,hg38,Q96BR5,ENST00000371538.5,R48Q,0.0805,likely_benign
chr1,52692831,C,T,hg38,Q96BR5,ENST00000371538.5,R48Q,0.0805,likely_benign
chr1,54195477,C,T,hg38,Q6IPT4,ENST00000534324.5,R47K,0.1066,likely_benign
chr1,54216247,G,C,hg38,Q9BZE1,ENST00000360840.9,C366S,0.0532,likely_benign
chr1,54216247,G,C,hg38,Q9BZE1,ENST00000360840.9,C366S,0.0532,likely_benign
chr1,54216247,G,C,hg38,Q9BZE1,ENST00000360840.9,C366S,0.0532,likely_benign
chr1,54216247,G,C,hg38,Q9BZE1,ENST00000360840.9,C366S,0.0532,likely_benign
chr1,55063514,G,A,hg38,Q8NBP7,ENST00000302118.5,G670E,0.054,likely_benign
chr1,55063514,G,A,hg38,Q8NBP7,ENST00000302118.5,G670E,0.054,likely_benign
chr1,55063514,G,A,hg38,Q8NBP7,ENST00000302118.5,G670E,0.054,likely_benign
chr1,55063514,G,A,hg38,Q8NBP7,ENST00000302118.5,G670E,0.054,likely_benign
chr1,55172402,G,A,hg38,Q9UPU5,ENST00000294383.7,T226I,0.0659,likely_benign
chr1,55172402,G,A,hg38,Q9UPU5,ENST00000294383.7,T226I,0.0659,likely_benign
chr1,55172402,G,A,hg38,Q9UPU5,ENST00000294383.7,T226I,0.0659,likely_benign
chr1,64805021,G,T,hg38,Q9HCJ3,ENST00000294428.7,V443L,0.0812,likely_benign
chr1,64805021,G,T,hg38,Q9HCJ3,ENST00000294428.7,V443L,0.0812,likely_benign
chr1,70155729,T,C,hg38,Q9H9A6,ENST00000370952.4,I430V,0.0554,likely_benign
chr1,74710181,C,T,hg38,Q08257,ENST00000417775.5,E183K,0.0717,likely_benign
chr1,74710202,T,C,hg38,Q08257,ENST00000417775.5,I176V,0.0678,likely_benign
chr1,74710202,T,C,hg38,Q08257,ENST00000417775.5,I176V,0.0678,likely_benign
chr1,74710202,T,C,hg38,Q08257,ENST00000417775.5,I176V,0.0678,likely_benign
chr1,74710202,T,C,hg38,Q08257,ENST00000417775.5,I176V,0.0678,likely_benign
chr1,74748757,A,G,hg38,Q6IPR3,ENST00000370867.8,M121V,0.0459,likely_benign
chr1,74748757,A,G,hg38,Q6IPR3,ENST00000370867.8,M121V,0.0459,likely_benign
chr1,74748757,A,G,hg38,Q6IPR3,ENST00000370867.8,M121V,0.0459,likely_benign
chr1,74748757,A,G,hg38,Q6IPR3,ENST00000370867.8,M121V,0.0459,likely_benign
chr1,77219357,T,C,hg38,Q92643,ENST00000370812.8,T16A,0.0452,likely_benign
chr1,77219357,T,C,hg38,Q92643,ENST00000370812.8,T16A,0.0452,likely_benign
chr1,77219357,T,C,hg38,Q92643,ENST00000370812.8,T16A,0.0452,likely_benign
chr1,77219357,T,C,hg38,Q92643,ENST00000370812.8,T16A,0.0452,likely_benign
chr1,84479306,A,G,hg38,Q9H9Y2,ENST00000370654.6,S9G,0.0545,likely_benign
chr1,84479306,A,G,hg38,Q9H9Y2,ENST00000370654.6,S9G,0.0545,likely_benign
chr1,84479306,A,G,hg38,Q9H9Y2,ENST00000370654.6,S9G,0.0545,likely_benign
chr1,88983707,T,C,hg38,Q96E39,ENST00000399794.6,I40M,0.0535,likely_benign
chr1,88983707,T,C,hg38,Q96E39,ENST00000399794.6,I40M,0.0535,likely_benign
chr1,88983707,T,C,hg38,Q96E39,ENST00000399794.6,I40M,0.0535,likely_benign
chr1,92695345,T,C,hg38,O60447,ENST00000370331.5,I336V,0.0503,likely_benign
chr1,92695345,T,C,hg38,O60447,ENST00000370331.5,I336V,0.0503,likely_benign
chr1,92695345,T,C,hg38,O60447,ENST00000370331.5,I336V,0.0503,likely_benign
chr1,93582596,T,C,hg38,O75815,ENST00000370243.1,E464G,0.0475,likely_benign
chr1,94173891,C,T,hg38,Q52LW3,ENST00000260526.11,G1255D,0.0447,likely_benign
chr1,95244383,T,G,hg38,Q9Y3V2,ENST00000370202.5,N86K,0.0539,likely_benign
chr1,97883329,A,G,hg38,Q12882,ENST00000370192.7,C29R,0.0426,likely_benign
chr1,97883329,A,G,hg38,Q12882,ENST00000370192.7,C29R,0.0426,likely_benign
chr1,97883329,A,G,hg38,Q12882,ENST00000370192.7,C29R,0.0426,likely_benign
chr1,97883329,A,G,hg38,Q12882,ENST00000370192.7,C29R,0.0426,likely_benign
chr1,99688946,A,G,hg38,Q9NP74,ENST00000263174.9,N229S,0.0936,likely_benign
chr1,99688946,A,G,hg38,Q9NP74,ENST00000263174.9,N229S,0.0936,likely_benign
chr1,99688954,G,A,hg38,Q9NP74,ENST00000263174.9,D232N,0.0972,likely_benign
chr1,99688954,G,A,hg38,Q9NP74,ENST00000263174.9,D232N,0.0972,likely_benign
chr1,100216040,T,C,hg38,P11182,ENST00000370132.8,I239V,0.0554,likely_benign
chr1,100216040,T,C,hg38,P11182,ENST00000370132.8,I239V,0.0554,likely_benign
chr1,100216040,T,C,hg38,P11182,ENST00000370132.8,I239V,0.0554,likely_benign
chr1,100216040,T,C,hg38,P11182,ENST00000370132.8,I239V,0.0554,likely_benign
chr1,107765105,T,A,hg38,Q9UKW4,ENST00000370056.9,T298S,0.0827,likely_benign
chr1,108648676,T,C,hg38,Q5T8I9,ENST00000370032.9,N358D,0.0681,likely_benign
chr1,108648676,T,C,hg38,Q5T8I9,ENST00000370032.9,N358D,0.0681,likely_benign
chr1,108648676,T,C,hg38,Q5T8I9,ENST00000370032.9,N358D,0.0681,likely_benign
chr1,108648676,T,C,hg38,Q5T8I9,ENST00000370032.9,N358D,0.0681,likely_benign
chr1,108897593,G,A,hg38,P81274,ENST00000264126.9,R127Q,0.5761,likely_pathogenic
chr1,108897593,G,A,hg38,P81274,ENST00000264126.9,R127Q,0.5761,likely_pathogenic
chr1,108897593,G,A,hg38,P81274,ENST00000264126.9,R127Q,0.5761,likely_pathogenic
chr1,108897593,G,A,hg38,P81274,ENST00000264126.9,R127Q,0.5761,likely_pathogenic
chr1,108937356,G,T,hg38,Q96S66,ENST00000356970.6,S368R,0.0563,likely_benign
chr1,108937356,G,T,hg38,Q96S66,ENST00000356970.6,S368R,0.0563,likely_benign
chr1,108937356,G,T,hg38,Q96S66,ENST00000356970.6,S368R,0.0563,likely_benign
chr1,108937356,G,T,hg38,Q96S66,ENST00000356970.6,S368R,0.0563,likely_benign
chr1,111766331,T,C,hg38,Q9UHI6,ENST00000369702.5,I636T,0.0485,likely_benign
chr1,111766331,T,C,hg38,Q9UHI6,ENST00000369702.5,I636T,0.0485,likely_benign
chr1,112913924,A,T,hg38,P53985,ENST00000538576.5,D490E,0.0674,likely_benign
chr1,112913924,A,T,hg38,P53985,ENST00000538576.5,D490E,0.0674,likely_benign
chr1,112913924,A,T,hg38,P53985,ENST00000538576.5,D490E,0.0674,likely_benign
chr1,112913924,A,T,hg38,P53985,ENST00000538576.5,D490E,0.0674,likely_benign
chr1,116570930,T,C,hg38,P19256,ENST00000369489.10,S15G,0.0388,likely_benign
chr1,116570930,T,C,hg38,P19256,ENST00000369489.10,S15G,0.0388,likely_benign
chr1,116570930,T,C,hg38,P19256,ENST00000369489.10,S15G,0.0388,likely_benign
chr1,117101498,G,C,hg38,Q9UNY4,ENST00000369466.9,D1155H,0.8877,likely_pathogenic
chr1,150266560,G,T,hg38,Q96BI3,ENST00000369109.8,L236I,0.0775,likely_benign
chr1,150266560,G,T,hg38,Q96BI3,ENST00000369109.8,L236I,0.0775,likely_benign
chr1,150266560,G,T,hg38,Q96BI3,ENST00000369109.8,L236I,0.0775,likely_benign
chr1,150266560,G,T,hg38,Q96BI3,ENST00000369109.8,L236I,0.0775,likely_benign
chr1,153548478,C,T,hg38,P33764,ENST00000368712.1,R3K,0.0966,likely_benign
chr1,153548478,C,T,hg38,P33764,ENST00000368712.1,R3K,0.0966,likely_benign
chr1,153548478,C,T,hg38,P33764,ENST00000368712.1,R3K,0.0966,likely_benign
chr1,153548478,C,T,hg38,P33764,ENST00000368712.1,R3K,0.0966,likely_benign
chr1,153561551,C,T,hg38,P29034,ENST00000368709.6,S62N,0.0665,likely_benign
chr1,153561551,C,T,hg38,P29034,ENST00000368709.6,S62N,0.0665,likely_benign
chr1,153561551,C,T,hg38,P29034,ENST00000368709.6,S62N,0.0665,likely_benign
chr1,153561551,C,T,hg38,P29034,ENST00000368709.6,S62N,0.0665,likely_benign
chr1,154601491,T,C,hg38,P55265,ENST00000368474.9,K384R,0.0687,likely_benign
chr1,155054466,A,C,hg38,Q13444,ENST00000356955.6,K191T,0.0579,likely_benign
chr1,155054466,A,C,hg38,Q13444,ENST00000356955.6,K191T,0.0579,likely_benign
chr1,155054466,A,C,hg38,Q13444,ENST00000356955.6,K191T,0.0579,likely_benign
chr1,155054466,A,C,hg38,Q13444,ENST00000356955.6,K191T,0.0579,likely_benign
chr1,155060276,A,G,hg38,Q13444,ENST00000356955.6,S714G,0.0713,likely_benign
chr1,155060276,A,G,hg38,Q13444,ENST00000356955.6,S714G,0.0713,likely_benign
chr1,155060276,A,G,hg38,Q13444,ENST00000356955.6,S714G,0.0713,likely_benign
chr1,155060276,A,G,hg38,Q13444,ENST00000356955.6,S714G,0.0713,likely_benign
chr1,155210387,G,C,hg38,Q13505,ENST00000368376.7,K190N,0.6775,likely_pathogenic
chr1,155210387,G,C,hg38,Q13505,ENST00000368376.7,K190N,0.6775,likely_pathogenic
chr1,155210387,G,C,hg38,Q13505,ENST00000368376.7,K190N,0.6775,likely_pathogenic
chr1,155438844,T,C,hg38,Q9NR48,ENST00000368346.7,T1771A,0.0602,likely_benign
chr1,155438844,T,C,hg38,Q9NR48,ENST00000368346.7,T1771A,0.0602,likely_benign
chr1,155438844,T,C,hg38,Q9NR48,ENST00000368346.7,T1771A,0.0602,likely_benign
chr1,156232382,A,G,hg38,Q6P1K2,ENST00000368277.3,Q75R,0.0567,likely_benign
chr1,156232382,A,G,hg38,Q6P1K2,ENST00000368277.3,Q75R,0.0567,likely_benign
chr1,156232382,A,G,hg38,Q6P1K2,ENST00000368277.3,Q75R,0.0567,likely_benign
chr1,156232382,A,G,hg38,Q6P1K2,ENST00000368277.3,Q75R,0.0567,likely_benign
chr1,156294149,T,C,hg38,Q8WWB7,ENST00000362007.6,I223V,0.054,likely_benign
chr1,156294149,T,C,hg38,Q8WWB7,ENST00000362007.6,I223V,0.054,likely_benign
chr1,156294149,T,C,hg38,Q8WWB7,ENST00000362007.6,I223V,0.054,likely_benign
chr1,156537275,C,T,hg38,Q86VI3,ENST00000361170.7,E1110K,0.2524,likely_benign
chr1,156548641,C,T,hg38,Q86VI3,ENST00000361170.7,D645N,0.0651,likely_benign
chr1,156556652,T,C,hg38,Q86VI3,ENST00000361170.7,R391G,0.0338,likely_benign
chr1,156591859,G,C,hg38,Q8NCW5,ENST00000368235.8,V19L,0.058,likely_benign
chr1,156591859,G,C,hg38,Q8NCW5,ENST00000368235.8,V19L,0.058,likely_benign
chr1,156591859,G,C,hg38,Q8NCW5,ENST00000368235.8,V19L,0.058,likely_benign
chr1,156591859,G,C,hg38,Q8NCW5,ENST00000368235.8,V19L,0.058,likely_benign
chr1,156937289,T,C,hg38,O15085,ENST00000361409.2,H1427R,0.0524,likely_benign
chr1,156937289,T,C,hg38,O15085,ENST00000361409.2,H1427R,0.0524,likely_benign
chr1,158078026,G,A,hg38,Q96J84,ENST00000359209.11,A80T,0.0672,likely_benign
chr1,158078026,G,A,hg38,Q96J84,ENST00000359209.11,A80T,0.0672,likely_benign
chr1,158078026,G,A,hg38,Q96J84,ENST00000359209.11,A80T,0.0672,likely_benign
chr1,158078026,G,A,hg38,Q96J84,ENST00000359209.11,A80T,0.0672,likely_benign
chr1,161791486,G,C,hg38,P18850,ENST00000367942.4,A145P,0.0813,likely_benign
chr1,161791486,G,C,hg38,P18850,ENST00000367942.4,A145P,0.0813,likely_benign
chr1,161791486,G,C,hg38,P18850,ENST00000367942.4,A145P,0.0813,likely_benign
chr1,165768841,C,T,hg38,Q9UM00,ENST00000367881.9,G22R,0.1214,likely_benign
chr1,165768841,C,T,hg38,Q9UM00,ENST00000367881.9,G22R,0.1214,likely_benign
chr1,165768841,C,T,hg38,Q9UM00,ENST00000367881.9,G22R,0.1214,likely_benign
chr1,165768841,C,T,hg38,Q9UM00,ENST00000367881.9,G22R,0.1214,likely_benign
chr1,172441827,G,A,hg38,Q92535,ENST00000367728.1,P266S,0.5285,ambiguous
chr1,172441827,G,A,hg38,Q92535,ENST00000367728.1,P266S,0.5285,ambiguous
chr1,172441827,G,A,hg38,Q92535,ENST00000367728.1,P266S,0.5285,ambiguous
chr1,172441827,G,A,hg38,Q92535,ENST00000367728.1,P266S,0.5285,ambiguous
chr1,179082165,T,C,hg38,Q9H497,ENST00000367627.8,F13L,0.1507,likely_benign
chr1,179082165,T,C,hg38,Q9H497,ENST00000367627.8,F13L,0.1507,likely_benign
chr1,179082165,T,C,hg38,Q9H497,ENST00000367627.8,F13L,0.1507,likely_benign
chr1,179082165,T,C,hg38,Q9H497,ENST00000367627.8,F13L,0.1507,likely_benign
chr1,179882939,T,C,hg38,Q5JTV8,ENST00000606911.6,M146T,0.0508,likely_benign
chr1,179882939,T,C,hg38,Q5JTV8,ENST00000606911.6,M146T,0.0508,likely_benign
chr1,179882939,T,C,hg38,Q5JTV8,ENST00000606911.6,M146T,0.0508,likely_benign
chr1,179882939,T,C,hg38,Q5JTV8,ENST00000606911.6,M146T,0.0508,likely_benign
chr1,183116620,A,G,hg38,P11047,ENST00000258341.5,I458V,0.0573,likely_benign
chr1,183116620,A,G,hg38,P11047,ENST00000258341.5,I458V,0.0573,likely_benign
chr1,183116620,A,G,hg38,P11047,ENST00000258341.5,I458V,0.0573,likely_benign
chr1,183116620,A,G,hg38,P11047,ENST00000258341.5,I458V,0.0573,likely_benign
chr1,183125412,T,C,hg38,P11047,ENST00000258341.5,L888P,0.0336,likely_benign
chr1,183125412,T,C,hg38,P11047,ENST00000258341.5,L888P,0.0336,likely_benign
chr1,186977780,G,A,hg38,P47712,ENST00000367466.4,R651K,0.0466,likely_benign
chr1,186977780,G,A,hg38,P47712,ENST00000367466.4,R651K,0.0466,likely_benign
chr1,186977780,G,A,hg38,P47712,ENST00000367466.4,R651K,0.0466,likely_benign
chr1,197101771,A,G,hg38,Q8IZT6,ENST00000367409.9,Y2494H,0.0514,likely_benign
chr1,197101771,A,G,hg38,Q8IZT6,ENST00000367409.9,Y2494H,0.0514,likely_benign
chr1,202966783,T,C,hg38,Q9UHQ9,ENST00000367249.9,N44S,0.0618,likely_benign
chr1,202966783,T,C,hg38,Q9UHQ9,ENST00000367249.9,N44S,0.0618,likely_benign
chr1,202966783,T,C,hg38,Q9UHQ9,ENST00000367249.9,N44S,0.0618,likely_benign
chr1,202966783,T,C,hg38,Q9UHQ9,ENST00000367249.9,N44S,0.0618,likely_benign
chr1,203797836,A,G,hg38,P86452,ENST00000550078.2,N105S,0.0484,likely_benign
chr1,203797836,A,G,hg38,P86452,ENST00000550078.2,N105S,0.0484,likely_benign
chr1,203797836,A,G,hg38,P86452,ENST00000550078.2,N105S,0.0484,likely_benign
chr1,203800404,G,A,hg38,P86452,ENST00000550078.2,S961N,0.0756,likely_benign
chr1,203800404,G,A,hg38,P86452,ENST00000550078.2,S961N,0.0756,likely_benign
chr1,205161285,A,G,hg38,Q6XUX3,ENST00000367162.8,C641R,0.0454,likely_benign
chr1,212100297,C,T,hg38,Q9NZJ0,ENST00000366991.5,A436V,0.0604,likely_benign
chr1,212100297,C,T,hg38,Q9NZJ0,ENST00000366991.5,A436V,0.0604,likely_benign
chr1,212100297,C,T,hg38,Q9NZJ0,ENST00000366991.5,A436V,0.0604,likely_benign
chr1,212100297,C,T,hg38,Q9NZJ0,ENST00000366991.5,A436V,0.0604,likely_benign
chr1,212738494,T,C,hg38,Q96IY1,ENST00000366977.8,M254V,0.043,likely_benign
chr1,212738494,T,C,hg38,Q96IY1,ENST00000366977.8,M254V,0.043,likely_benign
chr1,212738494,T,C,hg38,Q96IY1,ENST00000366977.8,M254V,0.043,likely_benign
chr1,212738494,T,C,hg38,Q96IY1,ENST00000366977.8,M254V,0.043,likely_benign
chr1,212791753,G,A,hg38,Q96IY1,ENST00000366977.8,S4F,0.0792,likely_benign
chr1,212791753,G,A,hg38,Q96IY1,ENST00000366977.8,S4F,0.0792,likely_benign
chr1,212791753,G,A,hg38,Q96IY1,ENST00000366977.8,S4F,0.0792,likely_benign
chr1,214318943,G,A,hg38,Q9NRG4,ENST00000366957.10,G165E,0.0519,likely_benign
chr1,214318943,G,A,hg38,Q9NRG4,ENST00000366957.10,G165E,0.0519,likely_benign
chr1,214318943,G,A,hg38,Q9NRG4,ENST00000366957.10,G165E,0.0519,likely_benign
chr1,214318943,G,A,hg38,Q9NRG4,ENST00000366957.10,G165E,0.0519,likely_benign
chr1,214646756,A,G,hg38,P49454,ENST00000366955.8,N2396D,0.119,likely_benign
chr1,214657274,A,G,hg38,P49454,ENST00000366955.8,R2943G,0.0491,likely_benign
chr1,214657274,A,G,hg38,P49454,ENST00000366955.8,R2943G,0.0491,likely_benign
chr1,214663767,C,G,hg38,P49454,ENST00000366955.8,N3106K,0.083,likely_benign
chr1,214663767,C,G,hg38,P49454,ENST00000366955.8,N3106K,0.083,likely_benign
chr1,214663767,C,G,hg38,P49454,ENST00000366955.8,N3106K,0.083,likely_benign
chr1,214663767,C,G,hg38,P49454,ENST00000366955.8,N3106K,0.083,likely_benign
chr1,219210563,A,G,hg38,Q5VWZ2,ENST00000366928.10,I131M,0.0704,likely_benign
chr1,219210563,A,G,hg38,Q5VWZ2,ENST00000366928.10,I131M,0.0704,likely_benign
chr1,219210563,A,G,hg38,Q5VWZ2,ENST00000366928.10,I131M,0.0704,likely_benign
chr1,219210563,A,G,hg38,Q5VWZ2,ENST00000366928.10,I131M,0.0704,likely_benign
chr1,219979542,G,A,hg38,P07814,ENST00000366923.8,P1262L,0.1211,likely_benign
chr1,219979542,G,A,hg38,P07814,ENST00000366923.8,P1262L,0.1211,likely_benign
chr1,220024283,G,T,hg38,P07814,ENST00000366923.8,D308E,0.0551,likely_benign
chr1,220024283,G,T,hg38,P07814,ENST00000366923.8,D308E,0.0551,likely_benign
chr1,220024283,G,T,hg38,P07814,ENST00000366923.8,D308E,0.0551,likely_benign
chr1,220024283,G,T,hg38,P07814,ENST00000366923.8,D308E,0.0551,likely_benign
chr1,220786988,T,A,hg38,Q5VT66,ENST00000366910.10,L15H,0.0867,likely_benign
chr1,220796686,A,G,hg38,Q5VT66,ENST00000366910.10,T165A,0.0366,likely_benign
chr1,220796686,A,G,hg38,Q5VT66,ENST00000366910.10,T165A,0.0366,likely_benign
chr1,220796686,A,G,hg38,Q5VT66,ENST00000366910.10,T165A,0.0366,likely_benign
chr1,220796686,A,G,hg38,Q5VT66,ENST00000366910.10,T165A,0.0366,likely_benign
chr1,222628664,A,G,hg38,Q5JRA6,ENST00000344922.10,K482E,0.0551,likely_benign
chr1,223712706,C,G,hg38,P17655,ENST00000295006.6,D22E,0.0611,likely_benign
chr1,223712706,C,G,hg38,P17655,ENST00000295006.6,D22E,0.0611,likely_benign
chr1,223712706,C,G,hg38,P17655,ENST00000295006.6,D22E,0.0611,likely_benign
chr1,223712706,C,G,hg38,P17655,ENST00000295006.6,D22E,0.0611,likely_benign
chr1,223759379,A,G,hg38,P17655,ENST00000295006.6,K476R,0.0679,likely_benign
chr1,223759379,A,G,hg38,P17655,ENST00000295006.6,K476R,0.0679,likely_benign
chr1,223759379,A,G,hg38,P17655,ENST00000295006.6,K476R,0.0679,likely_benign
chr1,223759379,A,G,hg38,P17655,ENST00000295006.6,K476R,0.0679,likely_benign
chr1,225831932,T,C,hg38,P07099,ENST00000366837.5,Y113H,0.4152,ambiguous
chr1,225831932,T,C,hg38,P07099,ENST00000366837.5,Y113H,0.4152,ambiguous
chr1,225831932,T,C,hg38,P07099,ENST00000366837.5,Y113H,0.4152,ambiguous
chr1,225831932,T,C,hg38,P07099,ENST00000366837.5,Y113H,0.4152,ambiguous
chr1,225838705,A,G,hg38,P07099,ENST00000366837.5,H139R,0.0574,likely_benign
chr1,225838705,A,G,hg38,P07099,ENST00000366837.5,H139R,0.0574,likely_benign
chr1,225838705,A,G,hg38,P07099,ENST00000366837.5,H139R,0.0574,likely_benign
chr1,225838705,A,G,hg38,P07099,ENST00000366837.5,H139R,0.0574,likely_benign
chr1,227747743,A,G,hg38,Q5SQN1,ENST00000315781.9,R48G,0.0638,likely_benign
chr1,227747743,A,G,hg38,Q5SQN1,ENST00000315781.9,R48G,0.0638,likely_benign
chr1,227747743,A,G,hg38,Q5SQN1,ENST00000315781.9,R48G,0.0638,likely_benign
chr1,227747743,A,G,hg38,Q5SQN1,ENST00000315781.9,R48G,0.0638,likely_benign
chr1,227748061,G,A,hg38,Q5SQN1,ENST00000315781.9,V154M,0.0789,likely_benign
chr1,227748061,G,A,hg38,Q5SQN1,ENST00000315781.9,V154M,0.0789,likely_benign
chr1,227748061,G,A,hg38,Q5SQN1,ENST00000315781.9,V154M,0.0789,likely_benign
chr1,227748061,G,A,hg38,Q5SQN1,ENST00000315781.9,V154M,0.0789,likely_benign
chr1,229487591,T,C,hg38,Q8WUM0,ENST00000261396.6,Q406R,0.0524,likely_benign
chr1,229487591,T,C,hg38,Q8WUM0,ENST00000261396.6,Q406R,0.0524,likely_benign
chr1,229487591,T,C,hg38,Q8WUM0,ENST00000261396.6,Q406R,0.0524,likely_benign
chr1,229487591,T,C,hg38,Q8WUM0,ENST00000261396.6,Q406R,0.0524,likely_benign
chr1,229500814,C,T,hg38,Q8WUM0,ENST00000261396.6,S152N,0.0773,likely_benign
chr1,229500814,C,T,hg38,Q8WUM0,ENST00000261396.6,S152N,0.0773,likely_benign
chr1,229500814,C,T,hg38,Q8WUM0,ENST00000261396.6,S152N,0.0773,likely_benign
chr1,229500814,C,T,hg38,Q8WUM0,ENST00000261396.6,S152N,0.0773,likely_benign
chr1,229636946,T,G,hg38,Q14146,ENST00000258243.7,V778G,0.0533,likely_benign
chr1,230843461,C,A,hg38,Q9H425,ENST00000366663.9,A274S,0.0678,likely_benign
chr1,230843461,C,A,hg38,Q9H425,ENST00000366663.9,A274S,0.0678,likely_benign
chr1,230843461,C,A,hg38,Q9H425,ENST00000366663.9,A274S,0.0678,likely_benign
chr1,230843461,C,A,hg38,Q9H425,ENST00000366663.9,A274S,0.0678,likely_benign
chr1,233379188,G,A,hg38,Q5TCX8,ENST00000366624.8,V728I,0.0923,likely_benign
chr1,233379188,G,A,hg38,Q5TCX8,ENST00000366624.8,V728I,0.0923,likely_benign
chr1,233379229,G,T,hg38,Q5TCX8,ENST00000366624.8,E741D,0.0876,likely_benign
chr1,235448755,G,A,hg38,Q15813,ENST00000642610.2,R526Q,0.1334,likely_benign
chr1,235448755,G,A,hg38,Q15813,ENST00000642610.2,R526Q,0.1334,likely_benign
chr1,235448755,G,A,hg38,Q15813,ENST00000642610.2,R526Q,0.1334,likely_benign
chr1,235448755,G,A,hg38,Q15813,ENST00000642610.2,R526Q,0.1334,likely_benign
chr1,236537557,C,T,hg38,O00214,ENST00000526634.5,R36C,0.1517,likely_benign
chr1,236537557,C,T,hg38,O00214,ENST00000526634.5,R36C,0.1517,likely_benign
chr1,236554626,T,C,hg38,Q9H583,ENST00000366582.8,E2017G,0.1193,likely_benign
chr1,236555320,T,C,hg38,Q9H583,ENST00000366582.8,N1967D,0.1025,likely_benign
chr1,236555320,T,C,hg38,Q9H583,ENST00000366582.8,N1967D,0.1025,likely_benign
chr1,236555320,T,C,hg38,Q9H583,ENST00000366582.8,N1967D,0.1025,likely_benign
chr1,236555893,A,G,hg38,Q9H583,ENST00000366582.8,V1854A,0.0778,likely_benign
chr1,236558360,T,C,hg38,Q9H583,ENST00000366582.8,N1694S,0.0546,likely_benign
chr1,236558360,T,C,hg38,Q9H583,ENST00000366582.8,N1694S,0.0546,likely_benign
chr1,236558360,T,C,hg38,Q9H583,ENST00000366582.8,N1694S,0.0546,likely_benign
chr1,236558360,T,C,hg38,Q9H583,ENST00000366582.8,N1694S,0.0546,likely_benign
chr1,236586349,T,C,hg38,Q9H583,ENST00000366582.8,M607V,0.1682,likely_benign
chr1,236586349,T,C,hg38,Q9H583,ENST00000366582.8,M607V,0.1682,likely_benign
chr1,236595587,T,C,hg38,Q9H583,ENST00000366582.8,H348R,0.0496,likely_benign
chr1,236595587,T,C,hg38,Q9H583,ENST00000366582.8,H348R,0.0496,likely_benign
chr1,236595587,T,C,hg38,Q9H583,ENST00000366582.8,H348R,0.0496,likely_benign
chr1,236595587,T,C,hg38,Q9H583,ENST00000366582.8,H348R,0.0496,likely_benign
chr1,241879243,A,G,hg38,Q9UQ84,ENST00000348581.9,E670G,0.0545,likely_benign
chr1,241879243,A,G,hg38,Q9UQ84,ENST00000348581.9,E670G,0.0545,likely_benign
chr1,241881973,C,T,hg38,Q9UQ84,ENST00000348581.9,R723C,0.066,likely_benign
chr1,241881973,C,T,hg38,Q9UQ84,ENST00000348581.9,R723C,0.066,likely_benign
chr1,241881973,C,T,hg38,Q9UQ84,ENST00000348581.9,R723C,0.066,likely_benign
chr1,241881973,C,T,hg38,Q9UQ84,ENST00000348581.9,R723C,0.066,likely_benign
chr1,241885372,C,T,hg38,Q9UQ84,ENST00000348581.9,P757L,0.0792,likely_benign
chr1,241885372,C,T,hg38,Q9UQ84,ENST00000348581.9,P757L,0.0792,likely_benign
chr1,241885372,C,T,hg38,Q9UQ84,ENST00000348581.9,P757L,0.0792,likely_benign
chr1,241885372,C,T,hg38,Q9UQ84,ENST00000348581.9,P757L,0.0792,likely_benign
chr1,246591822,T,C,hg38,Q6PJW8,ENST00000366513.9,L87S,0.0558,likely_benign
chr1,246591822,T,C,hg38,Q6PJW8,ENST00000366513.9,L87S,0.0558,likely_benign
chr1,246591822,T,C,hg38,Q6PJW8,ENST00000366513.9,L87S,0.0558,likely_benign
chr1,246767262,G,C,hg38,Q8NBX0,ENST00000366510.4,G418R,0.4372,ambiguous
chr1,246767262,G,C,hg38,Q8NBX0,ENST00000366510.4,G418R,0.4372,ambiguous
chr1,246767262,G,C,hg38,Q8NBX0,ENST00000366510.4,G418R,0.4372,ambiguous
chr1,246767262,G,C,hg38,Q8NBX0,ENST00000366510.4,G418R,0.4372,ambiguous
chr2,1638928,G,A,hg38,Q92626,ENST00000252804.9,T1375I,0.0832,likely_benign
chr2,1638928,G,A,hg38,Q92626,ENST00000252804.9,T1375I,0.0832,likely_benign
chr2,1638928,G,A,hg38,Q92626,ENST00000252804.9,T1375I,0.0832,likely_benign
chr2,1638928,G,A,hg38,Q92626,ENST00000252804.9,T1375I,0.0832,likely_benign
chr2,3388524,A,G,hg38,Q8WVT3,ENST00000324266.10,S301G,0.2472,likely_benign
chr2,15402213,C,G,hg38,A2RRP1,ENST00000281513.10,C1009S,0.0509,likely_benign
chr2,15402213,C,G,hg38,A2RRP1,ENST00000281513.10,C1009S,0.0509,likely_benign
chr2,15415638,C,G,hg38,A2RRP1,ENST00000281513.10,V949L,0.1032,likely_benign
chr2,20204033,A,T,hg38,P18827,ENST00000381150.5,L136Q,0.0505,likely_benign
chr2,20204033,A,T,hg38,P18827,ENST00000381150.5,L136Q,0.0505,likely_benign
chr2,20204033,A,T,hg38,P18827,ENST00000381150.5,L136Q,0.0505,likely_benign
chr2,20204213,G,A,hg38,P18827,ENST00000381150.5,T76M,0.0835,likely_benign
chr2,20204213,G,A,hg38,P18827,ENST00000381150.5,T76M,0.0835,likely_benign
chr2,20204213,G,A,hg38,P18827,ENST00000381150.5,T76M,0.0835,likely_benign
chr2,24918669,A,G,hg38,O60266,ENST00000260600.9,S107P,0.093,likely_benign
chr2,24918669,A,G,hg38,O60266,ENST00000260600.9,S107P,0.093,likely_benign
chr2,27212382,A,G,hg38,Q6UW56,ENST00000606999.5,D5G,0.0507,likely_benign
chr2,27212382,A,G,hg38,Q6UW56,ENST00000606999.5,D5G,0.0507,likely_benign
chr2,27212382,A,G,hg38,Q6UW56,ENST00000606999.5,D5G,0.0507,likely_benign
chr2,27212382,A,G,hg38,Q6UW56,ENST00000606999.5,D5G,0.0507,likely_benign
chr2,36597994,G,A,hg38,Q9UHY8,ENST00000405912.8,P50L,0.0615,likely_benign
chr2,36597994,G,A,hg38,Q9UHY8,ENST00000405912.8,P50L,0.0615,likely_benign
chr2,36597994,G,A,hg38,Q9UHY8,ENST00000405912.8,P50L,0.0615,likely_benign
chr2,37228889,C,T,hg38,Q03701,ENST00000234170.10,V102I,0.0643,likely_benign
chr2,37228889,C,T,hg38,Q03701,ENST00000234170.10,V102I,0.0643,likely_benign
chr2,37228889,C,T,hg38,Q03701,ENST00000234170.10,V102I,0.0643,likely_benign
chr2,37232165,C,G,hg38,Q7L592,ENST00000002125.9,P39A,0.0613,likely_benign
chr2,38071060,G,C,hg38,Q16678,ENST00000614273.1,L432V,0.0591,likely_benign
chr2,38071060,G,C,hg38,Q16678,ENST00000614273.1,L432V,0.0591,likely_benign
chr2,38071060,G,C,hg38,Q16678,ENST00000614273.1,L432V,0.0591,likely_benign
chr2,38071060,G,C,hg38,Q16678,ENST00000614273.1,L432V,0.0591,likely_benign
chr2,38075034,C,A,hg38,Q16678,ENST00000614273.1,A119S,0.0806,likely_benign
chr2,38075034,C,A,hg38,Q16678,ENST00000614273.1,A119S,0.0806,likely_benign
chr2,38075034,C,A,hg38,Q16678,ENST00000614273.1,A119S,0.0806,likely_benign
chr2,38075034,C,A,hg38,Q16678,ENST00000614273.1,A119S,0.0806,likely_benign
chr2,38298518,C,G,hg38,Q8NHH9,ENST00000378954.9,D420H,0.1063,likely_benign
chr2,38298518,C,G,hg38,Q8NHH9,ENST00000378954.9,D420H,0.1063,likely_benign
chr2,38298518,C,G,hg38,Q8NHH9,ENST00000378954.9,D420H,0.1063,likely_benign
chr2,38377209,A,G,hg38,Q8NHH9,ENST00000378954.9,W18R,0.1109,likely_benign
chr2,42282878,A,G,hg38,Q9HC35,ENST00000318522.10,K283E,0.0095,likely_benign
chr2,42282878,A,G,hg38,Q9HC35,ENST00000318522.10,K283E,0.0095,likely_benign
chr2,42282878,A,G,hg38,Q9HC35,ENST00000318522.10,K283E,0.0095,likely_benign
chr2,42282878,A,G,hg38,Q9HC35,ENST00000318522.10,K283E,0.0095,likely_benign
chr2,47783349,G,A,hg38,P52701,ENST00000234420.9,G39E,0.1167,likely_benign
chr2,47783349,G,A,hg38,P52701,ENST00000234420.9,G39E,0.1167,likely_benign
chr2,47783349,G,A,hg38,P52701,ENST00000234420.9,G39E,0.1167,likely_benign
chr2,55049792,G,T,hg38,Q9NQC3,ENST00000337526.11,P170H,0.3049,likely_benign
chr2,55049792,G,T,hg38,Q9NQC3,ENST00000337526.11,P170H,0.3049,likely_benign
chr2,55049792,G,T,hg38,Q9NQC3,ENST00000337526.11,P170H,0.3049,likely_benign
chr2,55049792,G,T,hg38,Q9NQC3,ENST00000337526.11,P170H,0.3049,likely_benign
chr2,55263683,G,T,hg38,P46199,ENST00000394600.7,T59N,0.0858,likely_benign
chr2,55263683,G,T,hg38,P46199,ENST00000394600.7,T59N,0.0858,likely_benign
chr2,55263683,G,T,hg38,P46199,ENST00000394600.7,T59N,0.0858,likely_benign
chr2,55263683,G,T,hg38,P46199,ENST00000394600.7,T59N,0.0858,likely_benign
chr2,55544025,A,G,hg38,Q96G28,ENST00000349456.8,D243G,0.0546,likely_benign
chr2,55578304,T,C,hg38,Q5MIZ7,ENST00000616407.2,I503V,0.069,likely_benign
chr2,55578304,T,C,hg38,Q5MIZ7,ENST00000616407.2,I503V,0.069,likely_benign
chr2,55578304,T,C,hg38,Q5MIZ7,ENST00000616407.2,I503V,0.069,likely_benign
chr2,55578304,T,C,hg38,Q5MIZ7,ENST00000616407.2,I503V,0.069,likely_benign
chr2,55645403,T,C,hg38,Q8TCS8,ENST00000415374.5,N590D,0.1257,likely_benign
chr2,61162892,C,G,hg38,A8MZ97,ENST00000432605.1,A56G,0.1041,likely_benign
chr2,61162892,C,G,hg38,A8MZ97,ENST00000432605.1,A56G,0.1041,likely_benign
chr2,61348173,A,G,hg38,Q70CQ2,ENST00000398571.7,M661T,0.0616,likely_benign
chr2,61348173,A,G,hg38,Q70CQ2,ENST00000398571.7,M661T,0.0616,likely_benign
chr2,61348173,A,G,hg38,Q70CQ2,ENST00000398571.7,M661T,0.0616,likely_benign
chr2,63933730,G,C,hg38,Q9P1Q0,ENST00000272322.9,S561C,0.1948,likely_benign
chr2,67403848,G,A,hg38,Q9NY74,ENST00000272342.6,S389N,0.0572,likely_benign
chr2,67403848,G,A,hg38,Q9NY74,ENST00000272342.6,S389N,0.0572,likely_benign
chr2,67403848,G,A,hg38,Q9NY74,ENST00000272342.6,S389N,0.0572,likely_benign
chr2,67403848,G,A,hg38,Q9NY74,ENST00000272342.6,S389N,0.0572,likely_benign
chr2,67404993,C,T,hg38,Q9NY74,ENST00000272342.6,P771S,0.0773,likely_benign
chr2,68157965,A,G,hg38,Q9NRX1,ENST00000263657.7,R11G,0.05,likely_benign
chr2,68157965,A,G,hg38,Q9NRX1,ENST00000263657.7,R11G,0.05,likely_benign
chr2,68157965,A,G,hg38,Q9NRX1,ENST00000263657.7,R11G,0.05,likely_benign
chr2,68157965,A,G,hg38,Q9NRX1,ENST00000263657.7,R11G,0.05,likely_benign
chr2,74463251,C,T,hg38,Q13724,ENST00000448666.6,D239N,0.0808,likely_benign
chr2,74463251,C,T,hg38,Q13724,ENST00000448666.6,D239N,0.0808,likely_benign
chr2,74472651,C,A,hg38,Q96EL3,ENST00000258105.8,A4S,0.0813,likely_benign
chr2,74472651,C,A,hg38,Q96EL3,ENST00000258105.8,A4S,0.0813,likely_benign
chr2,74472651,C,A,hg38,Q96EL3,ENST00000258105.8,A4S,0.0813,likely_benign
chr2,74472651,C,A,hg38,Q96EL3,ENST00000258105.8,A4S,0.0813,likely_benign
chr2,74529387,C,T,hg38,Q9Y679,ENST00000377526.4,A55T,0.2527,likely_benign
chr2,74529387,C,T,hg38,Q9Y679,ENST00000377526.4,A55T,0.2527,likely_benign
chr2,74529387,C,T,hg38,Q9Y679,ENST00000377526.4,A55T,0.2527,likely_benign
chr2,74958729,G,T,hg38,Q9NR33,ENST00000483063.2,G17V,0.0732,likely_benign
chr2,74958729,G,T,hg38,Q9NR33,ENST00000483063.2,G17V,0.0732,likely_benign
chr2,74958729,G,T,hg38,Q9NR33,ENST00000483063.2,G17V,0.0732,likely_benign
chr2,75710762,G,C,hg38,P16383,ENST00000321027.8,P32A,0.0561,likely_benign
chr2,84443360,T,C,hg38,P53597,ENST00000393868.7,K81R,0.0706,likely_benign
chr2,84443360,T,C,hg38,P53597,ENST00000393868.7,K81R,0.0706,likely_benign
chr2,84443360,T,C,hg38,P53597,ENST00000393868.7,K81R,0.0706,likely_benign
chr2,84443360,T,C,hg38,P53597,ENST00000393868.7,K81R,0.0706,likely_benign
chr2,85326957,G,A,hg38,O43493,ENST00000377386.8,R259W,0.1166,likely_benign
chr2,85394936,T,C,hg38,P40121,ENST00000409724.5,H335R,0.0756,likely_benign
chr2,85394936,T,C,hg38,P40121,ENST00000409724.5,H335R,0.0756,likely_benign
chr2,85394936,T,C,hg38,P40121,ENST00000409724.5,H335R,0.0756,likely_benign
chr2,86132358,A,G,hg38,Q96EY7,ENST00000254630.12,H436R,0.6264,likely_pathogenic
chr2,86132358,A,G,hg38,Q96EY7,ENST00000254630.12,H436R,0.6264,likely_pathogenic
chr2,86132358,A,G,hg38,Q96EY7,ENST00000254630.12,H436R,0.6264,likely_pathogenic
chr2,86132358,A,G,hg38,Q96EY7,ENST00000254630.12,H436R,0.6264,likely_pathogenic
chr2,101281950,G,C,hg38,Q8NC42,ENST00000295317.4,D356E,0.0706,likely_benign
chr2,109615588,G,A,hg38,Q53LP3,ENST00000356454.5,D367N,0.0817,likely_benign
chr2,109615588,G,A,hg38,Q53LP3,ENST00000356454.5,D367N,0.0817,likely_benign
chr2,109615588,G,A,hg38,Q53LP3,ENST00000356454.5,D367N,0.0817,likely_benign
chr2,109615891,A,G,hg38,Q53LP3,ENST00000356454.5,I468V,0.141,likely_benign
chr2,109615891,A,G,hg38,Q53LP3,ENST00000356454.5,I468V,0.141,likely_benign
chr2,109615891,A,G,hg38,Q53LP3,ENST00000356454.5,I468V,0.141,likely_benign
chr2,109615891,A,G,hg38,Q53LP3,ENST00000356454.5,I468V,0.141,likely_benign
chr2,117817639,C,G,hg38,Q9NVP1,ENST00000263239.7,T94S,0.0691,likely_benign
chr2,117817639,C,G,hg38,Q9NVP1,ENST00000263239.7,T94S,0.0691,likely_benign
chr2,117817639,C,G,hg38,Q9NVP1,ENST00000263239.7,T94S,0.0691,likely_benign
chr2,117817639,C,G,hg38,Q9NVP1,ENST00000263239.7,T94S,0.0691,likely_benign
chr2,119247736,G,A,hg38,Q658P3,ENST00000393107.2,A184T,0.0781,likely_benign
chr2,119247736,G,A,hg38,Q658P3,ENST00000393107.2,A184T,0.0781,likely_benign
chr2,119680947,A,G,hg38,Q53S58,ENST00000272521.7,I32V,0.0672,likely_benign
chr2,119680947,A,G,hg38,Q53S58,ENST00000272521.7,I32V,0.0672,likely_benign
chr2,119680947,A,G,hg38,Q53S58,ENST00000272521.7,I32V,0.0672,likely_benign
chr2,119681654,C,G,hg38,Q53S58,ENST00000272521.7,D267E,0.0606,likely_benign
chr2,127050500,G,A,hg38,O00499,ENST00000316724.10,T532M,0.0751,likely_benign
chr2,127050500,G,A,hg38,O00499,ENST00000316724.10,T532M,0.0751,likely_benign
chr2,127050500,G,A,hg38,O00499,ENST00000316724.10,T532M,0.0751,likely_benign
chr2,127050500,G,A,hg38,O00499,ENST00000316724.10,T532M,0.0751,likely_benign
chr2,128108037,C,G,hg38,Q9NYU2,ENST00000259253.11,S126C,0.1009,likely_benign
chr2,128108037,C,G,hg38,Q9NYU2,ENST00000259253.11,S126C,0.1009,likely_benign
chr2,135135802,A,G,hg38,Q15042,ENST00000264158.12,N598S,0.0674,likely_benign
chr2,135135802,A,G,hg38,Q15042,ENST00000264158.12,N598S,0.0674,likely_benign
chr2,135135802,A,G,hg38,Q15042,ENST00000264158.12,N598S,0.0674,likely_benign
chr2,135135802,A,G,hg38,Q15042,ENST00000264158.12,N598S,0.0674,likely_benign
chr2,147958859,T,C,hg38,O43929,ENST00000392857.9,N78S,0.0638,likely_benign
chr2,151455056,G,A,hg38,Q5UIP0,ENST00000243326.9,G836S,0.0573,likely_benign
chr2,151455056,G,A,hg38,Q5UIP0,ENST00000243326.9,G836S,0.0573,likely_benign
chr2,151455056,G,A,hg38,Q5UIP0,ENST00000243326.9,G836S,0.0573,likely_benign
chr2,151463604,G,A,hg38,Q5UIP0,ENST00000243326.9,V1362M,0.073,likely_benign
chr2,151463604,G,A,hg38,Q5UIP0,ENST00000243326.9,V1362M,0.073,likely_benign
chr2,151465104,G,A,hg38,Q5UIP0,ENST00000243326.9,V1862I,0.0701,likely_benign
chr2,151465104,G,A,hg38,Q5UIP0,ENST00000243326.9,V1862I,0.0701,likely_benign
chr2,151465104,G,A,hg38,Q5UIP0,ENST00000243326.9,V1862I,0.0701,likely_benign
chr2,151465104,G,A,hg38,Q5UIP0,ENST00000243326.9,V1862I,0.0701,likely_benign
chr2,151465581,A,T,hg38,Q5UIP0,ENST00000243326.9,N2021Y,0.0574,likely_benign
chr2,151474904,C,G,hg38,Q5UIP0,ENST00000243326.9,L2418V,0.0631,likely_benign
chr2,151474904,C,G,hg38,Q5UIP0,ENST00000243326.9,L2418V,0.0631,likely_benign
chr2,151474904,C,G,hg38,Q5UIP0,ENST00000243326.9,L2418V,0.0631,likely_benign
chr2,151474904,C,G,hg38,Q5UIP0,ENST00000243326.9,L2418V,0.0631,likely_benign
chr2,156549737,G,A,hg38,P43304,ENST00000409861.5,R264H,0.0686,likely_benign
chr2,156549737,G,A,hg38,P43304,ENST00000409861.5,R264H,0.0686,likely_benign
chr2,156549737,G,A,hg38,P43304,ENST00000409861.5,R264H,0.0686,likely_benign
chr2,161231324,G,A,hg38,Q92844,ENST00000392749.7,G292R,0.1134,likely_benign
chr2,169546520,T,C,hg38,Q53R41,ENST00000453153.7,M467V,0.0628,likely_benign
chr2,171976274,T,C,hg38,O14929,ENST00000264108.5,V314A,0.0733,likely_benign
chr2,171976274,T,C,hg38,O14929,ENST00000264108.5,V314A,0.0733,likely_benign
chr2,171976274,T,C,hg38,O14929,ENST00000264108.5,V314A,0.0733,likely_benign
chr2,171976274,T,C,hg38,O14929,ENST00000264108.5,V314A,0.0733,likely_benign
chr2,172475080,G,A,hg38,P23229,ENST00000442250.5,A419T,0.1138,likely_benign
chr2,172475080,G,A,hg38,P23229,ENST00000442250.5,A419T,0.1138,likely_benign
chr2,175930118,A,C,hg38,Q9C0E8,ENST00000272748.9,V379G,0.0716,likely_benign
chr2,175930118,A,C,hg38,Q9C0E8,ENST00000272748.9,V379G,0.0716,likely_benign
chr2,175930118,A,C,hg38,Q9C0E8,ENST00000272748.9,V379G,0.0716,likely_benign
chr2,175930118,A,C,hg38,Q9C0E8,ENST00000272748.9,V379G,0.0716,likely_benign
chr2,181916090,C,T,hg38,P28290,ENST00000431877.7,A817V,0.0678,likely_benign
chr2,181916090,C,T,hg38,P28290,ENST00000431877.7,A817V,0.0678,likely_benign
chr2,186508650,G,A,hg38,Q8WU90,ENST00000337859.11,V400I,0.107,likely_benign
chr2,186508650,G,A,hg38,Q8WU90,ENST00000337859.11,V400I,0.107,likely_benign
chr2,186508650,G,A,hg38,Q8WU90,ENST00000337859.11,V400I,0.107,likely_benign
chr2,186508650,G,A,hg38,Q8WU90,ENST00000337859.11,V400I,0.107,likely_benign
chr2,186667690,G,A,hg38,P06756,ENST00000261023.8,V783I,0.0548,likely_benign
chr2,186667690,G,A,hg38,P06756,ENST00000261023.8,V783I,0.0548,likely_benign
chr2,186667690,G,A,hg38,P06756,ENST00000261023.8,V783I,0.0548,likely_benign
chr2,186667690,G,A,hg38,P06756,ENST00000261023.8,V783I,0.0548,likely_benign
chr2,189010695,T,G,hg38,P02461,ENST00000304636.7,H1353Q,0.0445,likely_benign
chr2,189010695,T,G,hg38,P02461,ENST00000304636.7,H1353Q,0.0445,likely_benign
chr2,189010695,T,G,hg38,P02461,ENST00000304636.7,H1353Q,0.0445,likely_benign
chr2,189010695,T,G,hg38,P02461,ENST00000304636.7,H1353Q,0.0445,likely_benign
chr2,189666700,G,A,hg38,Q9NWL6,ENST00000260952.9,G190R,0.077,likely_benign
chr2,189666700,G,A,hg38,Q9NWL6,ENST00000260952.9,G190R,0.077,likely_benign
chr2,189666700,G,A,hg38,Q9NWL6,ENST00000260952.9,G190R,0.077,likely_benign
chr2,189666700,G,A,hg38,Q9NWL6,ENST00000260952.9,G190R,0.077,likely_benign
chr2,190436597,A,T,hg38,Q6ZSS7,ENST00000281416.11,T190S,0.0692,likely_benign
chr2,199925081,C,T,hg38,Q8N8R5,ENST00000319974.6,T118I,0.1845,likely_benign
chr2,199925081,C,T,hg38,Q8N8R5,ENST00000319974.6,T118I,0.1845,likely_benign
chr2,200469992,G,A,hg38,Q9NUQ6,ENST00000409140.8,A346T,0.0682,likely_benign
chr2,200469992,G,A,hg38,Q9NUQ6,ENST00000409140.8,A346T,0.0682,likely_benign
chr2,200469992,G,A,hg38,Q9NUQ6,ENST00000409140.8,A346T,0.0682,likely_benign
chr2,200469992,G,A,hg38,Q9NUQ6,ENST00000409140.8,A346T,0.0682,likely_benign
chr2,200473014,G,A,hg38,Q9NUQ6,ENST00000409140.8,A415T,0.06,likely_benign
chr2,200473014,G,A,hg38,Q9NUQ6,ENST00000409140.8,A415T,0.06,likely_benign
chr2,200473014,G,A,hg38,Q9NUQ6,ENST00000409140.8,A415T,0.06,likely_benign
chr2,200473014,G,A,hg38,Q9NUQ6,ENST00000409140.8,A415T,0.06,likely_benign
chr2,200571431,A,C,hg38,Q562F6,ENST00000357799.9,D362A,0.3312,likely_benign
chr2,201399433,C,T,hg38,O60296,ENST00000332624.8,V142I,0.0714,likely_benign
chr2,201399433,C,T,hg38,O60296,ENST00000332624.8,V142I,0.0714,likely_benign
chr2,201399433,C,T,hg38,O60296,ENST00000332624.8,V142I,0.0714,likely_benign
chr2,203289829,C,T,hg38,Q6UW02,ENST00000356079.8,L346F,0.1369,likely_benign
chr2,203289829,C,T,hg38,Q6UW02,ENST00000356079.8,L346F,0.1369,likely_benign
chr2,206310346,G,A,hg38,Q9HCK1,ENST00000649650.1,A1940T,0.0837,likely_benign
chr2,207613128,G,A,hg38,Q8WXB1,ENST00000442521.1,T192I,0.1101,likely_benign
chr2,207613128,G,A,hg38,Q8WXB1,ENST00000442521.1,T192I,0.1101,likely_benign
chr2,207613128,G,A,hg38,Q8WXB1,ENST00000442521.1,T192I,0.1101,likely_benign
chr2,207613128,G,A,hg38,Q8WXB1,ENST00000442521.1,T192I,0.1101,likely_benign
chr2,208325606,T,C,hg38,Q9Y2I7,ENST00000264380.9,L932S,0.0545,likely_benign
chr2,208325606,T,C,hg38,Q9Y2I7,ENST00000264380.9,L932S,0.0545,likely_benign
chr2,208325606,T,C,hg38,Q9Y2I7,ENST00000264380.9,L932S,0.0545,likely_benign
chr2,210675783,C,A,hg38,P31327,ENST00000233072.10,T1406N,0.0854,likely_benign
chr2,210675783,C,A,hg38,P31327,ENST00000233072.10,T1406N,0.0854,likely_benign
chr2,210675783,C,A,hg38,P31327,ENST00000233072.10,T1406N,0.0854,likely_benign
chr2,210675783,C,A,hg38,P31327,ENST00000233072.10,T1406N,0.0854,likely_benign
chr2,214780740,C,G,hg38,Q99728,ENST00000260947.9,R378S,0.2276,likely_benign
chr2,214780740,C,G,hg38,Q99728,ENST00000260947.9,R378S,0.2276,likely_benign
chr2,214780740,C,G,hg38,Q99728,ENST00000260947.9,R378S,0.2276,likely_benign
chr2,214780740,C,G,hg38,Q99728,ENST00000260947.9,R378S,0.2276,likely_benign
chr2,219172944,A,G,hg38,Q9BV87,ENST00000409789.5,L292P,0.0425,likely_benign
chr2,219172944,A,G,hg38,Q9BV87,ENST00000409789.5,L292P,0.0425,likely_benign
chr2,219182253,C,A,hg38,Q8NC44,ENST00000430297.7,P419Q,0.058,likely_benign
chr2,219182253,C,A,hg38,Q8NC44,ENST00000430297.7,P419Q,0.058,likely_benign
chr2,219182253,C,A,hg38,Q8NC44,ENST00000430297.7,P419Q,0.058,likely_benign
chr2,219182253,C,A,hg38,Q8NC44,ENST00000430297.7,P419Q,0.058,likely_benign
chr2,219213842,G,C,hg38,Q9NP58,ENST00000265316.9,T521S,0.0677,likely_benign
chr2,219213842,G,C,hg38,Q9NP58,ENST00000265316.9,T521S,0.0677,likely_benign
chr2,219565481,C,T,hg38,O75147,ENST00000404537.6,R723K,0.0606,likely_benign
chr2,222571888,C,T,hg38,Q9NSD9,ENST00000281828.8,V585I,0.061,likely_benign
chr2,222571888,C,T,hg38,Q9NSD9,ENST00000281828.8,V585I,0.061,likely_benign
chr2,222571888,C,T,hg38,Q9NSD9,ENST00000281828.8,V585I,0.061,likely_benign
chr2,222571888,C,T,hg38,Q9NSD9,ENST00000281828.8,V585I,0.061,likely_benign
chr2,233841896,G,C,hg38,Q8NCD3,ENST00000411486.7,S295C,0.0795,likely_benign
chr2,233841896,G,C,hg38,Q8NCD3,ENST00000411486.7,S295C,0.0795,likely_benign
chr2,233841896,G,C,hg38,Q8NCD3,ENST00000411486.7,S295C,0.0795,likely_benign
chr2,233841896,G,C,hg38,Q8NCD3,ENST00000411486.7,S295C,0.0795,likely_benign
chr2,236049178,G,A,hg38,Q9UPQ3,ENST00000304032.13,V671I,0.0645,likely_benign
chr2,236049178,G,A,hg38,Q9UPQ3,ENST00000304032.13,V671I,0.0645,likely_benign
chr2,236049178,G,A,hg38,Q9UPQ3,ENST00000304032.13,V671I,0.0645,likely_benign
chr2,237763647,C,T,hg38,Q32MZ4,ENST00000392000.4,P645L,0.0762,likely_benign
chr2,240466111,A,G,hg38,P35052,ENST00000264039.7,S500G,0.0482,likely_benign
chr2,241097382,A,G,hg38,Q7Z6M4,ENST00000391980.7,M189T,0.4748,ambiguous
chr2,241256304,C,G,hg38,Q00341,ENST00000391976.6,E251D,0.124,likely_benign
chr2,241256304,C,G,hg38,Q00341,ENST00000391976.6,E251D,0.124,likely_benign
chr2,241256304,C,G,hg38,Q00341,ENST00000391976.6,E251D,0.124,likely_benign
chr2,241256304,C,G,hg38,Q00341,ENST00000391976.6,E251D,0.124,likely_benign
chr2,241413353,A,C,hg38,O94887,ENST00000264042.8,K185N,0.2735,likely_benign
chr2,241413353,A,C,hg38,O94887,ENST00000264042.8,K185N,0.2735,likely_benign
chr2,241413353,A,C,hg38,O94887,ENST00000264042.8,K185N,0.2735,likely_benign
chr2,241633796,T,C,hg38,Q8WY91,ENST00000407315.6,S121G,0.0504,likely_benign
chr2,241633796,T,C,hg38,Q8WY91,ENST00000407315.6,S121G,0.0504,likely_benign
chr2,241671358,T,A,hg38,Q9Y4P1,ENST00000404914.8,L354Q,0.0319,likely_benign
chr2,241671358,T,A,hg38,Q9Y4P1,ENST00000404914.8,L354Q,0.0319,likely_benign
chr2,241671358,T,A,hg38,Q9Y4P1,ENST00000404914.8,L354Q,0.0319,likely_benign
chr3,3129108,C,T,hg38,Q96Q11,ENST00000434583.5,P23L,0.104,likely_benign
chr3,3129108,C,T,hg38,Q96Q11,ENST00000434583.5,P23L,0.104,likely_benign
chr3,3129108,C,T,hg38,Q96Q11,ENST00000434583.5,P23L,0.104,likely_benign
chr3,3129108,C,T,hg38,Q96Q11,ENST00000434583.5,P23L,0.104,likely_benign
chr3,9384540,G,A,hg38,Q9BV44,ENST00000515662.6,R459Q,0.0833,likely_benign
chr3,9384540,G,A,hg38,Q9BV44,ENST00000515662.6,R459Q,0.0833,likely_benign
chr3,9928347,A,G,hg38,Q8NAC3,ENST00000295981.7,Q378R,0.0554,likely_benign
chr3,9928347,A,G,hg38,Q8NAC3,ENST00000295981.7,Q378R,0.0554,likely_benign
chr3,9928347,A,G,hg38,Q8NAC3,ENST00000295981.7,Q378R,0.0554,likely_benign
chr3,9928347,A,G,hg38,Q8NAC3,ENST00000295981.7,Q378R,0.0554,likely_benign
chr3,11601991,T,C,hg38,Q14135,ENST00000273038.7,I32M,0.0378,likely_benign
chr3,13379650,C,T,hg38,Q8TEM1,ENST00000254508.7,A297T,0.0677,likely_benign
chr3,13379650,C,T,hg38,Q8TEM1,ENST00000254508.7,A297T,0.0677,likely_benign
chr3,13379650,C,T,hg38,Q8TEM1,ENST00000254508.7,A297T,0.0677,likely_benign
chr3,14133762,T,C,hg38,Q9BTV4,ENST00000306077.4,M179T,0.0452,likely_benign
chr3,14158387,G,A,hg38,Q01831,ENST00000285021.11,A499V,0.0833,likely_benign
chr3,15052554,G,A,hg38,P82663,ENST00000253686.7,R137W,0.2936,likely_benign
chr3,15052554,G,A,hg38,P82663,ENST00000253686.7,R137W,0.2936,likely_benign
chr3,15052554,G,A,hg38,P82663,ENST00000253686.7,R137W,0.2936,likely_benign
chr3,15052554,G,A,hg38,P82663,ENST00000253686.7,R137W,0.2936,likely_benign
chr3,15073971,C,T,hg38,Q9H1K0,ENST00000476527.6,M722I,0.1538,likely_benign
chr3,15073971,C,T,hg38,Q9H1K0,ENST00000476527.6,M722I,0.1538,likely_benign
chr3,15677542,T,C,hg38,O15084,ENST00000412318.5,S880G,0.0517,likely_benign
chr3,15677542,T,C,hg38,O15084,ENST00000412318.5,S880G,0.0517,likely_benign
chr3,23962454,A,G,hg38,Q14995,ENST00000312521.9,N332S,0.0602,likely_benign
chr3,33014229,A,G,hg38,P16278,ENST00000307363.10,C521R,0.0414,likely_benign
chr3,33014229,A,G,hg38,P16278,ENST00000307363.10,C521R,0.0414,likely_benign
chr3,33014229,A,G,hg38,P16278,ENST00000307363.10,C521R,0.0414,likely_benign
chr3,33014229,A,G,hg38,P16278,ENST00000307363.10,C521R,0.0414,likely_benign
chr3,45011283,G,C,hg38,Q15024,ENST00000265564.8,V274L,0.0575,likely_benign
chr3,45011283,G,C,hg38,Q15024,ENST00000265564.8,V274L,0.0575,likely_benign
chr3,45011283,G,C,hg38,Q15024,ENST00000265564.8,V274L,0.0575,likely_benign
chr3,45011283,G,C,hg38,Q15024,ENST00000265564.8,V274L,0.0575,likely_benign
chr3,45093330,T,C,hg38,Q9H5V8,ENST00000296129.6,Q525R,0.0593,likely_benign
chr3,45093330,T,C,hg38,Q9H5V8,ENST00000296129.6,Q525R,0.0593,likely_benign
chr3,47121932,C,G,hg38,Q9BYW2,ENST00000409792.3,E902Q,0.1087,likely_benign
chr3,47121932,C,G,hg38,Q9BYW2,ENST00000409792.3,E902Q,0.1087,likely_benign
chr3,47121932,C,G,hg38,Q9BYW2,ENST00000409792.3,E902Q,0.1087,likely_benign
chr3,47121932,C,G,hg38,Q9BYW2,ENST00000409792.3,E902Q,0.1087,likely_benign
chr3,48632014,C,T,hg38,Q9BXS9,ENST00000395550.7,V206M,0.1726,likely_benign
chr3,49510575,C,G,hg38,Q14118,ENST00000538711.5,S14W,0.0681,likely_benign
chr3,49510575,C,G,hg38,Q14118,ENST00000538711.5,S14W,0.0681,likely_benign
chr3,49510575,C,G,hg38,Q14118,ENST00000538711.5,S14W,0.0681,likely_benign
chr3,49510575,C,G,hg38,Q14118,ENST00000538711.5,S14W,0.0681,likely_benign
chr3,49676962,C,T,hg38,P13798,ENST00000296456.10,R313C,0.2194,likely_benign
chr3,49676962,C,T,hg38,P13798,ENST00000296456.10,R313C,0.2194,likely_benign
chr3,49676962,C,T,hg38,P13798,ENST00000296456.10,R313C,0.2194,likely_benign
chr3,49676962,C,T,hg38,P13798,ENST00000296456.10,R313C,0.2194,likely_benign
chr3,50288207,C,T,hg38,Q12894,ENST00000417626.6,R502Q,0.8591,likely_pathogenic
chr3,50288207,C,T,hg38,Q12894,ENST00000417626.6,R502Q,0.8591,likely_pathogenic
chr3,50288207,C,T,hg38,Q12894,ENST00000417626.6,R502Q,0.8591,likely_pathogenic
chr3,50288207,C,T,hg38,Q12894,ENST00000417626.6,R502Q,0.8591,likely_pathogenic
chr3,50292249,G,T,hg38,Q12894,ENST00000417626.6,T73K,0.1695,likely_benign
chr3,50292249,G,T,hg38,Q12894,ENST00000417626.6,T73K,0.1695,likely_benign
chr3,50292249,G,T,hg38,Q12894,ENST00000417626.6,T73K,0.1695,likely_benign
chr3,50292249,G,T,hg38,Q12894,ENST00000417626.6,T73K,0.1695,likely_benign
chr3,50318299,T,G,hg38,Q12891,ENST00000442581.1,I418L,0.0579,likely_benign
chr3,50318299,T,G,hg38,Q12891,ENST00000442581.1,I418L,0.0579,likely_benign
chr3,50318299,T,G,hg38,Q12891,ENST00000442581.1,I418L,0.0579,likely_benign
chr3,50318299,T,G,hg38,Q12891,ENST00000442581.1,I418L,0.0579,likely_benign
chr3,50320438,A,C,hg38,Q12891,ENST00000442581.1,S18A,0.0528,likely_benign
chr3,50320438,A,C,hg38,Q12891,ENST00000442581.1,S18A,0.0528,likely_benign
chr3,50320438,A,C,hg38,Q12891,ENST00000442581.1,S18A,0.0528,likely_benign
chr3,50320438,A,C,hg38,Q12891,ENST00000442581.1,S18A,0.0528,likely_benign
chr3,50331375,G,C,hg38,Q9NS23,ENST00000357043.6,L283V,0.1957,likely_benign
chr3,50331375,G,C,hg38,Q9NS23,ENST00000357043.6,L283V,0.1957,likely_benign
chr3,51703949,G,A,hg38,Q9Y6I9,ENST00000416589.5,G292E,0.0468,likely_benign
chr3,51703979,T,C,hg38,Q9Y6I9,ENST00000416589.5,L302P,0.0419,likely_benign
chr3,51977984,C,G,hg38,Q9BUJ0,ENST00000273596.8,C61W,0.0369,likely_benign
chr3,51977984,C,G,hg38,Q9BUJ0,ENST00000273596.8,C61W,0.0369,likely_benign
chr3,52687289,G,A,hg38,Q9BVP2,ENST00000418458.6,R39Q,0.0782,likely_benign
chr3,52687289,G,A,hg38,Q9BVP2,ENST00000418458.6,R39Q,0.0782,likely_benign
chr3,52687289,G,A,hg38,Q9BVP2,ENST00000418458.6,R39Q,0.0782,likely_benign
chr3,52687289,G,A,hg38,Q9BVP2,ENST00000418458.6,R39Q,0.0782,likely_benign
chr3,52693241,G,A,hg38,Q9BVP2,ENST00000418458.6,V367M,0.0684,likely_benign
chr3,52693241,G,A,hg38,Q9BVP2,ENST00000418458.6,V367M,0.0684,likely_benign
chr3,52693241,G,A,hg38,Q9BVP2,ENST00000418458.6,V367M,0.0684,likely_benign
chr3,52693241,G,A,hg38,Q9BVP2,ENST00000418458.6,V367M,0.0684,likely_benign
chr3,52706166,C,G,hg38,Q9Y6A9,ENST00000233025.11,P41A,0.0519,likely_benign
chr3,52706166,C,G,hg38,Q9Y6A9,ENST00000233025.11,P41A,0.0519,likely_benign
chr3,52706166,C,G,hg38,Q9Y6A9,ENST00000233025.11,P41A,0.0519,likely_benign
chr3,52706166,C,G,hg38,Q9Y6A9,ENST00000233025.11,P41A,0.0519,likely_benign
chr3,53122448,G,A,hg38,Q96AA3,ENST00000296292.8,L128F,0.0646,likely_benign
chr3,66369532,C,T,hg38,Q70HW3,ENST00000354883.10,T208M,0.0595,likely_benign
chr3,66369532,C,T,hg38,Q70HW3,ENST00000354883.10,T208M,0.0595,likely_benign
chr3,67400773,G,A,hg38,Q96I99,ENST00000307227.9,R381W,0.2667,likely_benign
chr3,67400773,G,A,hg38,Q96I99,ENST00000307227.9,R381W,0.2667,likely_benign
chr3,67400773,G,A,hg38,Q96I99,ENST00000307227.9,R381W,0.2667,likely_benign
chr3,111953978,C,T,hg38,Q86SQ0,ENST00000393925.7,P941S,0.1038,likely_benign
chr3,111953978,C,T,hg38,Q86SQ0,ENST00000393925.7,P941S,0.1038,likely_benign
chr3,111953978,C,T,hg38,Q86SQ0,ENST00000393925.7,P941S,0.1038,likely_benign
chr3,111953978,C,T,hg38,Q86SQ0,ENST00000393925.7,P941S,0.1038,likely_benign
chr3,119500730,T,C,hg38,Q9NPL8,ENST00000494664.6,I77T,0.637,likely_pathogenic
chr3,119500730,T,C,hg38,Q9NPL8,ENST00000494664.6,I77T,0.637,likely_pathogenic
chr3,119500730,T,C,hg38,Q9NPL8,ENST00000494664.6,I77T,0.637,likely_pathogenic
chr3,119500730,T,C,hg38,Q9NPL8,ENST00000494664.6,I77T,0.637,likely_pathogenic
chr3,126068036,T,C,hg38,Q96GZ6,ENST00000315891.10,T62A,0.0541,likely_benign
chr3,129827886,T,C,hg38,O94876,ENST00000393238.7,S165G,0.0716,likely_benign
chr3,129827886,T,C,hg38,O94876,ENST00000393238.7,S165G,0.0716,likely_benign
chr3,129827886,T,C,hg38,O94876,ENST00000393238.7,S165G,0.0716,likely_benign
chr3,132499779,G,T,hg38,O75165,ENST00000260818.11,A1463S,0.0587,likely_benign
chr3,132499779,G,T,hg38,O75165,ENST00000260818.11,A1463S,0.0587,likely_benign
chr3,132499779,G,T,hg38,O75165,ENST00000260818.11,A1463S,0.0587,likely_benign
chr3,132499779,G,T,hg38,O75165,ENST00000260818.11,A1463S,0.0587,likely_benign
chr3,133649518,T,G,hg38,Q92547,ENST00000260810.10,K457Q,0.0635,likely_benign
chr3,133649518,T,G,hg38,Q92547,ENST00000260810.10,K457Q,0.0635,likely_benign
chr3,133649518,T,G,hg38,Q92547,ENST00000260810.10,K457Q,0.0635,likely_benign
chr3,133649518,T,G,hg38,Q92547,ENST00000260810.10,K457Q,0.0635,likely_benign
chr3,134222476,C,T,hg38,P34925,ENST00000623711.3,S99N,0.0623,likely_benign
chr3,134222476,C,T,hg38,P34925,ENST00000623711.3,S99N,0.0623,likely_benign
chr3,134222476,C,T,hg38,P34925,ENST00000623711.3,S99N,0.0623,likely_benign
chr3,134222476,C,T,hg38,P34925,ENST00000623711.3,S99N,0.0623,likely_benign
chr3,136855659,A,G,hg38,Q8TBE7,ENST00000446465.3,K400R,0.0604,likely_benign
chr3,138570379,C,T,hg38,Q8NHQ1,ENST00000484888.5,S135N,0.0524,likely_benign
chr3,138570379,C,T,hg38,Q8NHQ1,ENST00000484888.5,S135N,0.0524,likely_benign
chr3,138570379,C,T,hg38,Q8NHQ1,ENST00000484888.5,S135N,0.0524,likely_benign
chr3,138570379,C,T,hg38,Q8NHQ1,ENST00000484888.5,S135N,0.0524,likely_benign
chr3,142512292,C,T,hg38,Q13535,ENST00000350721.9,S1607N,0.0659,likely_benign
chr3,154301098,G,C,hg38,Q9H2U1,ENST00000496811.6,S416C,0.077,likely_benign
chr3,154301098,G,C,hg38,Q9H2U1,ENST00000496811.6,S416C,0.077,likely_benign
chr3,158819654,A,G,hg38,Q9H3U5,ENST00000264266.12,I220V,0.0611,likely_benign
chr3,158819654,A,G,hg38,Q9H3U5,ENST00000264266.12,I220V,0.0611,likely_benign
chr3,158819654,A,G,hg38,Q9H3U5,ENST00000264266.12,I220V,0.0611,likely_benign
chr3,158819654,A,G,hg38,Q9H3U5,ENST00000264266.12,I220V,0.0611,likely_benign
chr3,170360444,C,T,hg38,P12757,ENST00000458537.7,A38V,0.0728,likely_benign
chr3,170360444,C,T,hg38,P12757,ENST00000458537.7,A38V,0.0728,likely_benign
chr3,170360444,C,T,hg38,P12757,ENST00000458537.7,A38V,0.0728,likely_benign
chr3,170360444,C,T,hg38,P12757,ENST00000458537.7,A38V,0.0728,likely_benign
chr3,183758897,G,A,hg38,Q9ULM3,ENST00000305135.10,V530I,0.0749,likely_benign
chr3,184257577,C,T,hg38,P0DPD7,ENST00000324557.8,H101Y,0.0431,likely_benign
chr3,184257577,C,T,hg38,P0DPD7,ENST00000324557.8,H101Y,0.0431,likely_benign
chr3,184257577,C,T,hg38,P0DPD7,ENST00000324557.8,H101Y,0.0431,likely_benign
chr3,184257577,C,T,hg38,P0DPD8,ENST00000402825.7,H101Y,0.0898,likely_benign
chr3,184257577,C,T,hg38,P0DPD8,ENST00000402825.7,H101Y,0.0898,likely_benign
chr3,184257577,C,T,hg38,P0DPD8,ENST00000402825.7,H101Y,0.0898,likely_benign
chr3,184319745,A,G,hg38,Q04637,ENST00000346169.6,T161A,0.0501,likely_benign
chr3,184319745,A,G,hg38,Q04637,ENST00000346169.6,T161A,0.0501,likely_benign
chr3,184319745,A,G,hg38,Q04637,ENST00000346169.6,T161A,0.0501,likely_benign
chr3,184319745,A,G,hg38,Q04637,ENST00000346169.6,T161A,0.0501,likely_benign
chr3,184321878,A,G,hg38,Q04637,ENST00000346169.6,M432V,0.0489,likely_benign
chr3,184321878,A,G,hg38,Q04637,ENST00000346169.6,M432V,0.0489,likely_benign
chr3,184321878,A,G,hg38,Q04637,ENST00000346169.6,M432V,0.0489,likely_benign
chr3,184321878,A,G,hg38,Q04637,ENST00000346169.6,M432V,0.0489,likely_benign
chr3,184711115,T,G,hg38,Q9HAY2,ENST00000317897.5,E236A,0.3232,likely_benign
chr3,184711115,T,G,hg38,Q9HAY2,ENST00000317897.5,E236A,0.3232,likely_benign
chr3,184711115,T,G,hg38,Q9HAY2,ENST00000317897.5,E236A,0.3232,likely_benign
chr3,184711115,T,G,hg38,Q9HAY2,ENST00000317897.5,E236A,0.3232,likely_benign
chr3,184711626,C,A,hg38,Q9HAY2,ENST00000317897.5,A66S,0.1108,likely_benign
chr3,184711626,C,A,hg38,Q9HAY2,ENST00000317897.5,A66S,0.1108,likely_benign
chr3,184711626,C,A,hg38,Q9HAY2,ENST00000317897.5,A66S,0.1108,likely_benign
chr3,185613377,C,A,hg38,Q9HC62,ENST00000296257.10,T301K,0.0433,likely_benign
chr3,185613377,C,A,hg38,Q9HC62,ENST00000296257.10,T301K,0.0433,likely_benign
chr3,185613377,C,A,hg38,Q9HC62,ENST00000296257.10,T301K,0.0433,likely_benign
chr3,185613377,C,A,hg38,Q9HC62,ENST00000296257.10,T301K,0.0433,likely_benign
chr3,193617202,G,A,hg38,O60313,ENST00000361828.7,S158N,0.0653,likely_benign
chr3,193617202,G,A,hg38,O60313,ENST00000361828.7,S158N,0.0653,likely_benign
chr3,193617202,G,A,hg38,O60313,ENST00000361828.7,S158N,0.0653,likely_benign
chr3,196472333,G,T,hg38,Q8IYW5,ENST00000318037.3,P401Q,0.1376,likely_benign
chr3,196472333,G,T,hg38,Q8IYW5,ENST00000318037.3,P401Q,0.1376,likely_benign
chr3,196472333,G,T,hg38,Q8IYW5,ENST00000318037.3,P401Q,0.1376,likely_benign
chr3,196472333,G,T,hg38,Q8IYW5,ENST00000318037.3,P401Q,0.1376,likely_benign
chr4,1841597,C,T,hg38,O95202,ENST00000302787.3,R115H,0.0725,likely_benign
chr4,1841597,C,T,hg38,O95202,ENST00000302787.3,R115H,0.0725,likely_benign
chr4,1841597,C,T,hg38,O95202,ENST00000302787.3,R115H,0.0725,likely_benign
chr4,2042401,C,T,hg38,Q5BLP8,ENST00000409860.1,P17L,0.076,likely_benign
chr4,2042401,C,T,hg38,Q5BLP8,ENST00000409860.1,P17L,0.076,likely_benign
chr4,2042401,C,T,hg38,Q5BLP8,ENST00000409860.1,P17L,0.076,likely_benign
chr4,2042401,C,T,hg38,Q5BLP8,ENST00000409860.1,P17L,0.076,likely_benign
chr4,2941634,T,C,hg38,P78316,ENST00000314262.10,Q716R,0.0546,likely_benign
chr4,2941634,T,C,hg38,P78316,ENST00000314262.10,Q716R,0.0546,likely_benign
chr4,2941634,T,C,hg38,P78316,ENST00000314262.10,Q716R,0.0546,likely_benign
chr4,2941634,T,C,hg38,P78316,ENST00000314262.10,Q716R,0.0546,likely_benign
chr4,2950077,A,G,hg38,P78316,ENST00000314262.10,L380S,0.0438,likely_benign
chr4,2950077,A,G,hg38,P78316,ENST00000314262.10,L380S,0.0438,likely_benign
chr4,2950077,A,G,hg38,P78316,ENST00000314262.10,L380S,0.0438,likely_benign
chr4,2950077,A,G,hg38,P78316,ENST00000314262.10,L380S,0.0438,likely_benign
chr4,10097716,T,C,hg38,O75083,ENST00000382452.6,I185V,0.0611,likely_benign
chr4,10097716,T,C,hg38,O75083,ENST00000382452.6,I185V,0.0611,likely_benign
chr4,13602558,T,C,hg38,Q8NFC6,ENST00000040738.10,T1448A,0.0854,likely_benign
chr4,17577496,C,G,hg38,P28838,ENST00000618908.4,R11G,0.1088,likely_benign
chr4,38878328,G,A,hg38,Q8IWE2,ENST00000358869.5,G84R,0.0758,likely_benign
chr4,38878328,G,A,hg38,Q8IWE2,ENST00000358869.5,G84R,0.0758,likely_benign
chr4,38878328,G,A,hg38,Q8IWE2,ENST00000358869.5,G84R,0.0758,likely_benign
chr4,38878328,G,A,hg38,Q8IWE2,ENST00000358869.5,G84R,0.0758,likely_benign
chr4,42001654,A,G,hg38,Q6PML9,ENST00000264451.12,M50V,0.0566,likely_benign
chr4,42001654,A,G,hg38,Q6PML9,ENST00000264451.12,M50V,0.0566,likely_benign
chr4,42001654,A,G,hg38,Q6PML9,ENST00000264451.12,M50V,0.0566,likely_benign
chr4,42018125,A,G,hg38,Q6PML9,ENST00000264451.12,T97A,0.0561,likely_benign
chr4,42018125,A,G,hg38,Q6PML9,ENST00000264451.12,T97A,0.0561,likely_benign
chr4,42018125,A,G,hg38,Q6PML9,ENST00000264451.12,T97A,0.0561,likely_benign
chr4,42018125,A,G,hg38,Q6PML9,ENST00000264451.12,T97A,0.0561,likely_benign
chr4,47512668,C,T,hg38,Q9P241,ENST00000273859.8,T43I,0.0845,likely_benign
chr4,70839545,A,G,hg38,Q12849,ENST00000254799.11,S95P,0.054,likely_benign
chr4,70839545,A,G,hg38,Q12849,ENST00000254799.11,S95P,0.054,likely_benign
chr4,70839545,A,G,hg38,Q12849,ENST00000254799.11,S95P,0.054,likely_benign
chr4,70839545,A,G,hg38,Q12849,ENST00000254799.11,S95P,0.054,likely_benign
chr4,82429439,A,C,hg38,O14979,ENST00000502762.4,D84E,0.2405,likely_benign
chr4,82429439,A,C,hg38,O14979,ENST00000502762.4,D84E,0.2405,likely_benign
chr4,82429439,A,C,hg38,O14979,ENST00000502762.4,D84E,0.2405,likely_benign
chr4,82429439,A,C,hg38,O14979,ENST00000502762.4,D84E,0.2405,likely_benign
chr4,82429440,T,G,hg38,O14979,ENST00000502762.4,D84A,0.3555,ambiguous
chr4,82429440,T,G,hg38,O14979,ENST00000502762.4,D84A,0.3555,ambiguous
chr4,82429440,T,G,hg38,O14979,ENST00000502762.4,D84A,0.3555,ambiguous
chr4,87337331,C,T,hg38,Q8NBQ5,ENST00000358290.9,R283Q,0.0866,likely_benign
chr4,87337331,C,T,hg38,Q8NBQ5,ENST00000358290.9,R283Q,0.0866,likely_benign
chr4,87337331,C,T,hg38,Q8NBQ5,ENST00000358290.9,R283Q,0.0866,likely_benign
chr4,94249688,G,A,hg38,Q9H4L7,ENST00000354268.8,S247N,0.0675,likely_benign
chr4,94575731,C,T,hg38,Q96HC4,ENST00000317968.9,S136F,0.12,likely_benign
chr4,94575731,C,T,hg38,Q96HC4,ENST00000317968.9,S136F,0.12,likely_benign
chr4,94575731,C,T,hg38,Q96HC4,ENST00000317968.9,S136F,0.12,likely_benign
chr4,94575731,C,T,hg38,Q96HC4,ENST00000317968.9,S136F,0.12,likely_benign
chr4,94618116,G,A,hg38,Q96HC4,ENST00000317968.9,A345T,0.0579,likely_benign
chr4,94618116,G,A,hg38,Q96HC4,ENST00000317968.9,A345T,0.0579,likely_benign
chr4,94618116,G,A,hg38,Q96HC4,ENST00000317968.9,A345T,0.0579,likely_benign
chr4,94618116,G,A,hg38,Q96HC4,ENST00000317968.9,A345T,0.0579,likely_benign
chr4,105396272,C,G,hg38,Q9H2U2,ENST00000341695.10,K282N,0.1315,likely_benign
chr4,105396272,C,G,hg38,Q9H2U2,ENST00000341695.10,K282N,0.1315,likely_benign
chr4,105396272,C,G,hg38,Q9H2U2,ENST00000341695.10,K282N,0.1315,likely_benign
chr4,105396272,C,G,hg38,Q9H2U2,ENST00000341695.10,K282N,0.1315,likely_benign
chr4,105940573,A,G,hg38,Q6UXI9,ENST00000379987.6,I234V,0.0622,likely_benign
chr4,109684593,A,G,hg38,Q9NWR8,ENST00000394650.7,I255V,0.1283,likely_benign
chr4,114668146,A,G,hg38,Q16880,ENST00000394511.3,I368M,0.07,likely_benign
chr4,114668146,A,G,hg38,Q16880,ENST00000394511.3,I368M,0.07,likely_benign
chr4,114668146,A,G,hg38,Q16880,ENST00000394511.3,I368M,0.07,likely_benign
chr4,114668146,A,G,hg38,Q16880,ENST00000394511.3,I368M,0.07,likely_benign
chr4,121813987,A,G,hg38,Q06265,ENST00000243498.9,I366V,0.0595,likely_benign
chr4,121813987,A,G,hg38,Q06265,ENST00000243498.9,I366V,0.0595,likely_benign
chr4,121813987,A,G,hg38,Q06265,ENST00000243498.9,I366V,0.0595,likely_benign
chr4,121813987,A,G,hg38,Q06265,ENST00000243498.9,I366V,0.0595,likely_benign
chr4,121816810,G,C,hg38,Q06265,ENST00000243498.9,S425T,0.0622,likely_benign
chr4,121816810,G,C,hg38,Q06265,ENST00000243498.9,S425T,0.0622,likely_benign
chr4,121816810,G,C,hg38,Q06265,ENST00000243498.9,S425T,0.0622,likely_benign
chr4,121816810,G,C,hg38,Q06265,ENST00000243498.9,S425T,0.0622,likely_benign
chr4,121821062,T,C,hg38,P20248,ENST00000618014.1,I163V,0.0543,likely_benign
chr4,121821062,T,C,hg38,P20248,ENST00000618014.1,I163V,0.0543,likely_benign
chr4,121821062,T,C,hg38,P20248,ENST00000618014.1,I163V,0.0543,likely_benign
chr4,121821062,T,C,hg38,P20248,ENST00000618014.1,I163V,0.0543,likely_benign
chr4,122826830,T,G,hg38,P09038,ENST00000264498.7,C19G,0.0914,likely_benign
chr4,122826830,T,G,hg38,P09038,ENST00000264498.7,C19G,0.0914,likely_benign
chr4,122826830,T,G,hg38,P09038,ENST00000614010.5,C19G,0.0914,likely_benign
chr4,122826830,T,G,hg38,P09038,ENST00000614010.5,C19G,0.0914,likely_benign
chr4,127801887,T,C,hg38,O95757,ENST00000296464.9,L211S,0.0394,likely_benign
chr4,127801887,T,C,hg38,O95757,ENST00000296464.9,L211S,0.0394,likely_benign
chr4,127801887,T,C,hg38,O95757,ENST00000296464.9,L211S,0.0394,likely_benign
chr4,127886064,T,A,hg38,O00444,ENST00000270861.10,S232T,0.06,likely_benign
chr4,163519429,T,C,hg38,Q96EY4,ENST00000358572.10,I176T,0.0694,likely_benign
chr4,163519429,T,C,hg38,Q96EY4,ENST00000358572.10,I176T,0.0694,likely_benign
chr4,163519429,T,C,hg38,Q96EY4,ENST00000358572.10,I176T,0.0694,likely_benign
chr4,163519429,T,C,hg38,Q96EY4,ENST00000358572.10,I176T,0.0694,likely_benign
chr4,177341630,A,G,hg38,Q8TAT5,ENST00000264596.4,H286R,0.0763,likely_benign
chr4,177353596,C,T,hg38,Q8TAT5,ENST00000264596.4,P443L,0.0555,likely_benign
chr4,185190485,T,C,hg38,Q9P2B7,ENST00000458385.7,T238A,0.063,likely_benign
chr4,186598052,C,G,hg38,Q14517,ENST00000441802.7,K4059N,0.0581,likely_benign
chr4,186598052,C,G,hg38,Q14517,ENST00000441802.7,K4059N,0.0581,likely_benign
chr4,186598052,C,G,hg38,Q14517,ENST00000441802.7,K4059N,0.0581,likely_benign
chr4,186628210,G,A,hg38,Q14517,ENST00000441802.7,T1585M,0.0805,likely_benign
chr4,186628210,G,A,hg38,Q14517,ENST00000441802.7,T1585M,0.0805,likely_benign
chr4,186628210,G,A,hg38,Q14517,ENST00000441802.7,T1585M,0.0805,likely_benign
chr4,186628210,G,A,hg38,Q14517,ENST00000441802.7,T1585M,0.0805,likely_benign
chr4,186636754,C,T,hg38,Q14517,ENST00000441802.7,R1268Q,0.1211,likely_benign
chr4,186636754,C,T,hg38,Q14517,ENST00000441802.7,R1268Q,0.1211,likely_benign
chr4,186706638,T,C,hg38,Q14517,ENST00000441802.7,R1064G,0.0401,likely_benign
chr4,186706638,T,C,hg38,Q14517,ENST00000441802.7,R1064G,0.0401,likely_benign
chr4,186706638,T,C,hg38,Q14517,ENST00000441802.7,R1064G,0.0401,likely_benign
chr4,186706638,T,C,hg38,Q14517,ENST00000441802.7,R1064G,0.0401,likely_benign
chr4,186707244,C,G,hg38,Q14517,ENST00000441802.7,V862L,0.0605,likely_benign
chr4,186707244,C,G,hg38,Q14517,ENST00000441802.7,V862L,0.0605,likely_benign
chr4,186707244,C,G,hg38,Q14517,ENST00000441802.7,V862L,0.0605,likely_benign
chr4,186707244,C,G,hg38,Q14517,ENST00000441802.7,V862L,0.0605,likely_benign
chr4,186707986,G,C,hg38,Q14517,ENST00000441802.7,F614L,0.1091,likely_benign
chr4,186707986,G,C,hg38,Q14517,ENST00000441802.7,F614L,0.1091,likely_benign
chr4,186707986,G,C,hg38,Q14517,ENST00000441802.7,F614L,0.1091,likely_benign
chr4,186707986,G,C,hg38,Q14517,ENST00000441802.7,F614L,0.1091,likely_benign
chr4,186708384,C,T,hg38,Q14517,ENST00000441802.7,V482I,0.0783,likely_benign
chr4,186708384,C,T,hg38,Q14517,ENST00000441802.7,V482I,0.0783,likely_benign
chr4,186708384,C,T,hg38,Q14517,ENST00000441802.7,V482I,0.0783,likely_benign
chr4,186708384,C,T,hg38,Q14517,ENST00000441802.7,V482I,0.0783,likely_benign
chr4,186708616,A,C,hg38,Q14517,ENST00000441802.7,S404R,0.3102,likely_benign
chr4,186708616,A,C,hg38,Q14517,ENST00000441802.7,S404R,0.3102,likely_benign
chr4,186708616,A,C,hg38,Q14517,ENST00000441802.7,S404R,0.3102,likely_benign
chr5,422840,C,G,hg38,A9YTQ3,ENST00000505113.5,P189A,0.0608,likely_benign
chr5,422840,C,G,hg38,A9YTQ3,ENST00000505113.5,P189A,0.0608,likely_benign
chr5,422840,C,G,hg38,A9YTQ3,ENST00000505113.5,P189A,0.0608,likely_benign
chr5,5457580,G,A,hg38,Q9Y2F5,ENST00000296564.9,G314S,0.06,likely_benign
chr5,5457580,G,A,hg38,Q9Y2F5,ENST00000296564.9,G314S,0.06,likely_benign
chr5,5457580,G,A,hg38,Q9Y2F5,ENST00000296564.9,G314S,0.06,likely_benign
chr5,5457580,G,A,hg38,Q9Y2F5,ENST00000296564.9,G314S,0.06,likely_benign
chr5,5460506,G,C,hg38,Q9Y2F5,ENST00000296564.9,C391S,0.0518,likely_benign
chr5,5460506,G,C,hg38,Q9Y2F5,ENST00000296564.9,C391S,0.0518,likely_benign
chr5,5460506,G,C,hg38,Q9Y2F5,ENST00000296564.9,C391S,0.0518,likely_benign
chr5,5460506,G,C,hg38,Q9Y2F5,ENST00000296564.9,C391S,0.0518,likely_benign
chr5,5462035,G,A,hg38,Q9Y2F5,ENST00000296564.9,V901I,0.0664,likely_benign
chr5,5462035,G,A,hg38,Q9Y2F5,ENST00000296564.9,V901I,0.0664,likely_benign
chr5,5462035,G,A,hg38,Q9Y2F5,ENST00000296564.9,V901I,0.0664,likely_benign
chr5,5462035,G,A,hg38,Q9Y2F5,ENST00000296564.9,V901I,0.0664,likely_benign
chr5,5463379,C,T,hg38,Q9Y2F5,ENST00000296564.9,R1349C,0.0966,likely_benign
chr5,5463379,C,T,hg38,Q9Y2F5,ENST00000296564.9,R1349C,0.0966,likely_benign
chr5,5463379,C,T,hg38,Q9Y2F5,ENST00000296564.9,R1349C,0.0966,likely_benign
chr5,7867917,T,C,hg38,Q14CZ7,ENST00000264669.10,K56R,0.0531,likely_benign
chr5,7867917,T,C,hg38,Q14CZ7,ENST00000264669.10,K56R,0.0531,likely_benign
chr5,7867917,T,C,hg38,Q14CZ7,ENST00000264669.10,K56R,0.0531,likely_benign
chr5,7885846,A,G,hg38,Q9UBK8,ENST00000440940.7,K350R,0.0671,likely_benign
chr5,7885846,A,G,hg38,Q9UBK8,ENST00000440940.7,K350R,0.0671,likely_benign
chr5,16475090,C,G,hg38,Q9H6L5,ENST00000306320.9,S382T,0.0654,likely_benign
chr5,16475090,C,G,hg38,Q9H6L5,ENST00000306320.9,S382T,0.0654,likely_benign
chr5,16475090,C,G,hg38,Q9H6L5,ENST00000306320.9,S382T,0.0654,likely_benign
chr5,16475090,C,G,hg38,Q9H6L5,ENST00000306320.9,S382T,0.0654,likely_benign
chr5,16673866,C,G,hg38,Q9HD67,ENST00000513610.6,S1663T,0.055,likely_benign
chr5,16673866,C,G,hg38,Q9HD67,ENST00000513610.6,S1663T,0.055,likely_benign
chr5,16769164,G,A,hg38,Q9HD67,ENST00000513610.6,R324W,0.1078,likely_benign
chr5,16794671,G,A,hg38,Q9HD67,ENST00000513610.6,H148Y,0.1043,likely_benign
chr5,16794671,G,A,hg38,Q9HD67,ENST00000513610.6,H148Y,0.1043,likely_benign
chr5,16794671,G,A,hg38,Q9HD67,ENST00000513610.6,H148Y,0.1043,likely_benign
chr5,16794671,G,A,hg38,Q9HD67,ENST00000513610.6,H148Y,0.1043,likely_benign
chr5,31538585,A,C,hg38,Q49AR2,ENST00000325366.14,T235P,0.0812,likely_benign
chr5,31538585,A,C,hg38,Q49AR2,ENST00000325366.14,T235P,0.0812,likely_benign
chr5,31538585,A,C,hg38,Q49AR2,ENST00000325366.14,T235P,0.0812,likely_benign
chr5,31538585,A,C,hg38,Q49AR2,ENST00000325366.14,T235P,0.0812,likely_benign
chr5,32400161,A,G,hg38,Q96KR1,ENST00000265069.13,I520T,0.0931,likely_benign
chr5,32400161,A,G,hg38,Q96KR1,ENST00000265069.13,I520T,0.0931,likely_benign
chr5,32400161,A,G,hg38,Q96KR1,ENST00000265069.13,I520T,0.0931,likely_benign
chr5,32400161,A,G,hg38,Q96KR1,ENST00000265069.13,I520T,0.0931,likely_benign
chr5,32403241,C,T,hg38,Q96KR1,ENST00000265069.13,V461I,0.0661,likely_benign
chr5,32403241,C,T,hg38,Q96KR1,ENST00000265069.13,V461I,0.0661,likely_benign
chr5,32403241,C,T,hg38,Q96KR1,ENST00000265069.13,V461I,0.0661,likely_benign
chr5,32403241,C,T,hg38,Q96KR1,ENST00000265069.13,V461I,0.0661,likely_benign
chr5,33461009,C,T,hg38,P26639,ENST00000265112.7,T453I,0.8031,likely_pathogenic
chr5,33461009,C,T,hg38,P26639,ENST00000265112.7,T453I,0.8031,likely_pathogenic
chr5,33461009,C,T,hg38,P26639,ENST00000265112.7,T453I,0.8031,likely_pathogenic
chr5,33461009,C,T,hg38,P26639,ENST00000265112.7,T453I,0.8031,likely_pathogenic
chr5,33989413,C,T,hg38,Q9UHK6,ENST00000335606.11,E277K,0.0574,likely_benign
chr5,33989413,C,T,hg38,Q9UHK6,ENST00000335606.11,E277K,0.0574,likely_benign
chr5,33989413,C,T,hg38,Q9UHK6,ENST00000335606.11,E277K,0.0574,likely_benign
chr5,36985201,A,G,hg38,Q6KC79,ENST00000282516.13,N674S,0.0947,likely_benign
chr5,36985201,A,G,hg38,Q6KC79,ENST00000282516.13,N674S,0.0947,likely_benign
chr5,36985201,A,G,hg38,Q6KC79,ENST00000282516.13,N674S,0.0947,likely_benign
chr5,40798175,A,C,hg38,Q13131,ENST00000397128.6,S5R,0.2402,likely_benign
chr5,52801055,C,A,hg38,Q9BRX2,ENST00000274311.3,L221M,0.0889,likely_benign
chr5,52801055,C,A,hg38,Q9BRX2,ENST00000274311.3,L221M,0.0889,likely_benign
chr5,52801055,C,A,hg38,Q9BRX2,ENST00000274311.3,L221M,0.0889,likely_benign
chr5,52801055,C,A,hg38,Q9BRX2,ENST00000274311.3,L221M,0.0889,likely_benign
chr5,55164133,A,G,hg38,Q8TED1,ENST00000503787.6,K182R,0.0836,likely_benign
chr5,55164133,A,G,hg38,Q8TED1,ENST00000503787.6,K182R,0.0836,likely_benign
chr5,55164133,A,G,hg38,Q8TED1,ENST00000503787.6,K182R,0.0836,likely_benign
chr5,55164133,A,G,hg38,Q8TED1,ENST00000503787.6,K182R,0.0836,likely_benign
chr5,55956103,G,C,hg38,P40189,ENST00000502326.7,L397V,0.0531,likely_benign
chr5,55956103,G,C,hg38,P40189,ENST00000502326.7,L397V,0.0531,likely_benign
chr5,55956103,G,C,hg38,P40189,ENST00000502326.7,L397V,0.0531,likely_benign
chr5,55956103,G,C,hg38,P40189,ENST00000502326.7,L397V,0.0531,likely_benign
chr5,65788274,A,G,hg38,Q9BYT8,ENST00000380985.10,K372R,0.0736,likely_benign
chr5,66053554,A,G,hg38,Q96RT1,ENST00000284037.9,K746E,0.1098,likely_benign
chr5,66053554,A,G,hg38,Q96RT1,ENST00000284037.9,K746E,0.1098,likely_benign
chr5,66053554,A,G,hg38,Q96RT1,ENST00000284037.9,K746E,0.1098,likely_benign
chr5,66053554,A,G,hg38,Q96RT1,ENST00000284037.9,K746E,0.1098,likely_benign
chr5,72195135,A,G,hg38,P46821,ENST00000296755.12,I594V,0.06,likely_benign
chr5,74685445,T,C,hg38,P07686,ENST00000261416.12,L62S,0.048,likely_benign
chr5,74685445,T,C,hg38,P07686,ENST00000261416.12,L62S,0.048,likely_benign
chr5,74685445,T,C,hg38,P07686,ENST00000261416.12,L62S,0.048,likely_benign
chr5,74685445,T,C,hg38,P07686,ENST00000261416.12,L62S,0.048,likely_benign
chr5,77438259,C,T,hg38,Q9HAD4,ENST00000296679.9,V329I,0.059,likely_benign
chr5,77438259,C,T,hg38,Q9HAD4,ENST00000296679.9,V329I,0.059,likely_benign
chr5,77438259,C,T,hg38,Q9HAD4,ENST00000296679.9,V329I,0.059,likely_benign
chr5,77438259,C,T,hg38,Q9HAD4,ENST00000296679.9,V329I,0.059,likely_benign
chr5,78129204,A,T,hg38,O00203,ENST00000255194.10,V585E,0.0354,likely_benign
chr5,78129204,A,T,hg38,O00203,ENST00000255194.10,V585E,0.0354,likely_benign
chr5,79277967,A,T,hg38,Q8N9B5,ENST00000396137.5,M364L,0.0748,likely_benign
chr5,79277967,A,T,hg38,Q8N9B5,ENST00000396137.5,M364L,0.0748,likely_benign
chr5,95900755,C,T,hg38,O00472,ENST00000237853.9,A298T,0.0664,likely_benign
chr5,95900755,C,T,hg38,O00472,ENST00000237853.9,A298T,0.0664,likely_benign
chr5,95900755,C,T,hg38,O00472,ENST00000237853.9,A298T,0.0664,likely_benign
chr5,95900755,C,T,hg38,O00472,ENST00000237853.9,A298T,0.0664,likely_benign
chr5,96393194,C,G,hg38,P29120,ENST00000311106.8,S690T,0.0597,likely_benign
chr5,96393194,C,G,hg38,P29120,ENST00000311106.8,S690T,0.0597,likely_benign
chr5,96393270,G,C,hg38,P29120,ENST00000311106.8,Q665E,0.0507,likely_benign
chr5,96393270,G,C,hg38,P29120,ENST00000311106.8,Q665E,0.0507,likely_benign
chr5,96393270,G,C,hg38,P29120,ENST00000311106.8,Q665E,0.0507,likely_benign
chr5,96393270,G,C,hg38,P29120,ENST00000311106.8,Q665E,0.0507,likely_benign
chr5,96750630,G,C,hg38,P20810,ENST00000395813.5,C408S,0.052,likely_benign
chr5,96750630,G,C,hg38,P20810,ENST00000395813.5,C408S,0.052,likely_benign
chr5,96750630,G,C,hg38,P20810,ENST00000395813.5,C408S,0.052,likely_benign
chr5,96750630,G,C,hg38,P20810,ENST00000395813.5,C408S,0.052,likely_benign
chr5,109337245,C,T,hg38,O43164,ENST00000361189.7,A705T,0.08,likely_benign
chr5,109337245,C,T,hg38,O43164,ENST00000361189.7,A705T,0.08,likely_benign
chr5,109337245,C,T,hg38,O43164,ENST00000361189.7,A705T,0.08,likely_benign
chr5,109337245,C,T,hg38,O43164,ENST00000361189.7,A705T,0.08,likely_benign
chr5,109378597,T,C,hg38,O43164,ENST00000361189.7,Q297R,0.0843,likely_benign
chr5,109378597,T,C,hg38,O43164,ENST00000361189.7,Q297R,0.0843,likely_benign
chr5,109378597,T,C,hg38,O43164,ENST00000361189.7,Q297R,0.0843,likely_benign
chr5,109378597,T,C,hg38,O43164,ENST00000361189.7,Q297R,0.0843,likely_benign
chr5,111119059,A,G,hg38,Q8NI36,ENST00000612402.4,M671V,0.0976,likely_benign
chr5,111119059,A,G,hg38,Q8NI36,ENST00000612402.4,M671V,0.0976,likely_benign
chr5,111119059,A,G,hg38,Q8NI36,ENST00000612402.4,M671V,0.0976,likely_benign
chr5,111119059,A,G,hg38,Q8NI36,ENST00000612402.4,M671V,0.0976,likely_benign
chr5,113104244,T,C,hg38,P23508,ENST00000302475.8,K190R,0.0536,likely_benign
chr5,113104244,T,C,hg38,P23508,ENST00000302475.8,K190R,0.0536,likely_benign
chr5,113104244,T,C,hg38,P23508,ENST00000302475.8,K190R,0.0536,likely_benign
chr5,123383042,G,C,hg38,Q8N960,ENST00000328236.9,L602V,0.1653,likely_benign
chr5,123383042,G,C,hg38,Q8N960,ENST00000328236.9,L602V,0.1653,likely_benign
chr5,123383042,G,C,hg38,Q8N960,ENST00000328236.9,L602V,0.1653,likely_benign
chr5,123383042,G,C,hg38,Q8N960,ENST00000328236.9,L602V,0.1653,likely_benign
chr5,131672501,T,C,hg38,Q8TF40,ENST00000510461.6,Q648R,0.0585,likely_benign
chr5,131672501,T,C,hg38,Q8TF40,ENST00000510461.6,Q648R,0.0585,likely_benign
chr5,131672501,T,C,hg38,Q8TF40,ENST00000510461.6,Q648R,0.0585,likely_benign
chr5,131672501,T,C,hg38,Q8TF40,ENST00000510461.6,Q648R,0.0585,likely_benign
chr5,138329634,G,A,hg38,P30307,ENST00000513970.5,R70C,0.0646,likely_benign
chr5,140557457,A,C,hg38,Q9HD15,ENST00000336283.7,V11G,0.1001,likely_benign
chr5,140668682,T,C,hg38,Q9H6Y2,ENST00000358337.9,C151R,0.067,likely_benign
chr5,140668682,T,C,hg38,Q9H6Y2,ENST00000358337.9,C151R,0.067,likely_benign
chr5,140668682,T,C,hg38,Q9H6Y2,ENST00000358337.9,C151R,0.067,likely_benign
chr5,140668682,T,C,hg38,Q9H6Y2,ENST00000358337.9,C151R,0.067,likely_benign
chr5,141930259,G,A,hg38,Q14154,ENST00000432126.7,A247T,0.1561,likely_benign
chr5,141930259,G,A,hg38,Q14154,ENST00000432126.7,A247T,0.1561,likely_benign
chr5,141930259,G,A,hg38,Q14154,ENST00000432126.7,A247T,0.1561,likely_benign
chr5,141930259,G,A,hg38,Q14154,ENST00000432126.7,A247T,0.1561,likely_benign
chr5,142108987,T,G,hg38,Q9BT67,ENST00000253814.6,L5V,0.0679,likely_benign
chr5,148213934,C,A,hg38,Q6UWN8,ENST00000325630.3,P36T,0.0997,likely_benign
chr5,148213934,C,A,hg38,Q6UWN8,ENST00000325630.3,P36T,0.0997,likely_benign
chr5,148213934,C,A,hg38,Q6UWN8,ENST00000325630.3,P36T,0.0997,likely_benign
chr5,148213934,C,A,hg38,Q6UWN8,ENST00000325630.3,P36T,0.0997,likely_benign
chr5,148242620,A,T,hg38,A0A1B0GUY1,ENST00000638089.2,Q75L,0.096,likely_benign
chr5,148242620,A,T,hg38,A0A1B0GUY1,ENST00000638089.2,Q75L,0.096,likely_benign
chr5,148242620,A,T,hg38,A0A1B0GUY1,ENST00000638089.2,Q75L,0.096,likely_benign
chr5,150374762,C,T,hg38,Q13428,ENST00000504761.6,S410L,0.0783,likely_benign
chr5,150374762,C,T,hg38,Q13428,ENST00000504761.6,S410L,0.0783,likely_benign
chr5,150374762,C,T,hg38,Q13428,ENST00000504761.6,S410L,0.0783,likely_benign
chr5,150374762,C,T,hg38,Q13428,ENST00000504761.6,S410L,0.0783,likely_benign
chr5,150718321,G,C,hg38,Q9UJW0,ENST00000447998.6,F342L,0.0892,likely_benign
chr5,150718321,G,C,hg38,Q9UJW0,ENST00000447998.6,F342L,0.0892,likely_benign
chr5,150718321,G,C,hg38,Q9UJW0,ENST00000447998.6,F342L,0.0892,likely_benign
chr5,150718321,G,C,hg38,Q9UJW0,ENST00000447998.6,F342L,0.0892,likely_benign
chr5,151259848,A,G,hg38,P17900,ENST00000357164.4,I59V,0.0585,likely_benign
chr5,151259848,A,G,hg38,P17900,ENST00000357164.4,I59V,0.0585,likely_benign
chr5,151259848,A,G,hg38,P17900,ENST00000357164.4,I59V,0.0585,likely_benign
chr5,151259848,A,G,hg38,P17900,ENST00000357164.4,I59V,0.0585,likely_benign
chr5,151259878,A,G,hg38,P17900,ENST00000357164.4,M69V,0.0556,likely_benign
chr5,151259878,A,G,hg38,P17900,ENST00000357164.4,M69V,0.0556,likely_benign
chr5,154896226,G,A,hg38,Q8TEQ6,ENST00000285873.8,P1155S,0.078,likely_benign
chr5,154896226,G,A,hg38,Q8TEQ6,ENST00000285873.8,P1155S,0.078,likely_benign
chr5,154896226,G,A,hg38,Q8TEQ6,ENST00000285873.8,P1155S,0.078,likely_benign
chr5,154911849,C,T,hg38,Q8TEQ6,ENST00000285873.8,R682Q,0.0956,likely_benign
chr5,154911849,C,T,hg38,Q8TEQ6,ENST00000285873.8,R682Q,0.0956,likely_benign
chr5,155016344,C,T,hg38,Q2VIQ3,ENST00000435029.6,L829F,0.2133,likely_benign
chr5,155016344,C,T,hg38,Q2VIQ3,ENST00000435029.6,L829F,0.2133,likely_benign
chr5,157737954,T,C,hg38,Q9NWX6,ENST00000231198.12,L232P,0.0468,likely_benign
chr5,157737954,T,C,hg38,Q9NWX6,ENST00000231198.12,L232P,0.0468,likely_benign
chr5,157737954,T,C,hg38,Q9NWX6,ENST00000231198.12,L232P,0.0468,likely_benign
chr5,163475510,T,C,hg38,O75330,ENST00000358715.3,V368A,0.1094,likely_benign
chr5,163475510,T,C,hg38,O75330,ENST00000358715.3,V368A,0.1094,likely_benign
chr5,163475510,T,C,hg38,O75330,ENST00000358715.3,V368A,0.1094,likely_benign
chr5,163482710,C,T,hg38,O75330,ENST00000358715.3,A484V,0.0589,likely_benign
chr5,163482710,C,T,hg38,O75330,ENST00000358715.3,A484V,0.0589,likely_benign
chr5,163482710,C,T,hg38,O75330,ENST00000358715.3,A484V,0.0589,likely_benign
chr5,163482710,C,T,hg38,O75330,ENST00000358715.3,A484V,0.0589,likely_benign
chr5,168486505,G,A,hg38,P54136,ENST00000231572.8,V3I,0.0797,likely_benign
chr5,168486505,G,A,hg38,P54136,ENST00000231572.8,V3I,0.0797,likely_benign
chr5,168486505,G,A,hg38,P54136,ENST00000231572.8,V3I,0.0797,likely_benign
chr5,168486505,G,A,hg38,P54136,ENST00000231572.8,V3I,0.0797,likely_benign
chr5,169601477,T,C,hg38,Q96EA4,ENST00000265295.9,Y508H,0.055,likely_benign
chr5,169601477,T,C,hg38,Q96EA4,ENST00000265295.9,Y508H,0.055,likely_benign
chr5,169601477,T,C,hg38,Q96EA4,ENST00000265295.9,Y508H,0.055,likely_benign
chr5,169601477,T,C,hg38,Q96EA4,ENST00000265295.9,Y508H,0.055,likely_benign
chr5,169604146,T,C,hg38,Q96EA4,ENST00000265295.9,L586S,0.0454,likely_benign
chr5,169604146,T,C,hg38,Q96EA4,ENST00000265295.9,L586S,0.0454,likely_benign
chr5,169604146,T,C,hg38,Q96EA4,ENST00000265295.9,L586S,0.0454,likely_benign
chr5,169604146,T,C,hg38,Q96EA4,ENST00000265295.9,L586S,0.0454,likely_benign
chr5,176943401,A,G,hg38,Q96RL1,ENST00000511320.6,C511R,0.0784,likely_benign
chr5,176943401,A,G,hg38,Q96RL1,ENST00000511320.6,C511R,0.0784,likely_benign
chr5,176943401,A,G,hg38,Q96RL1,ENST00000511320.6,C511R,0.0784,likely_benign
chr5,176943401,A,G,hg38,Q96RL1,ENST00000511320.6,C511R,0.0784,likely_benign
chr5,177210575,T,C,hg38,Q96L73,ENST00000439151.6,S726P,0.0821,likely_benign
chr5,177210575,T,C,hg38,Q96L73,ENST00000439151.6,S726P,0.0821,likely_benign
chr5,177210575,T,C,hg38,Q96L73,ENST00000439151.6,S726P,0.0821,likely_benign
chr5,177458498,T,C,hg38,Q16643,ENST00000309007.9,I446V,0.0611,likely_benign
chr5,179724757,A,G,hg38,P27824,ENST00000247461.9,E540G,0.0776,likely_benign
chr5,179724757,A,G,hg38,P27824,ENST00000247461.9,E540G,0.0776,likely_benign
chr5,179724757,A,G,hg38,P27824,ENST00000247461.9,E540G,0.0776,likely_benign
chr5,179724757,A,G,hg38,P27824,ENST00000247461.9,E540G,0.0776,likely_benign
chr5,179863918,C,T,hg38,Q66K14,ENST00000356834.7,A1095T,0.0666,likely_benign
chr5,179863918,C,T,hg38,Q66K14,ENST00000356834.7,A1095T,0.0666,likely_benign
chr5,179863918,C,T,hg38,Q66K14,ENST00000356834.7,A1095T,0.0666,likely_benign
chr5,179863918,C,T,hg38,Q66K14,ENST00000356834.7,A1095T,0.0666,likely_benign
chr5,180791668,A,G,hg38,P26572,ENST00000427865.2,L435P,0.0436,likely_benign
chr5,180792304,C,T,hg38,P26572,ENST00000427865.2,R223Q,0.057,likely_benign
chr5,180851393,C,G,hg38,Q8NB50,ENST00000502412.1,M34I,0.0919,likely_benign
